,RMSD,P-VALUE,INF-ALL,INF-WC,INF-NWC,INF-STACK,DI,MCQ,TM-score,CAD,BARNABA-RMSD,BARNABA-eRMSD,BARNABA-eSCORE,CLASH,GDT-TS,GDT-TS@1,GDT-TS@2,GDT-TS@4,GDT-TS@8,lDDT,LCS-TA-COVERAGE-10,LCS-TA-RESIDUES-10
normalized_rnacomposer_1g1x_d.pdb,12.794,0.0243615589773683,0.817,0.866,0.707,0.82,15.66,15.82,0.259,,1.439,0.948,0.446,0.0,0.375,0.275,0.3,0.4,0.525,0.689,25.0,10.0
normalized_rnajp_1g1x_d.pdb,13.273,0.0441101313152023,0.758,0.707,0.707,0.774,17.514,21.43,0.216,,1.383,1.1,0.548,0.0,0.319,0.2,0.3,0.35,0.425,0.0,10.0,4.0
normalized_rhofold_1g1x_d.pdb,14.611,0.1680888338776487,0.671,0.866,0.5,0.683,21.78,64.48,0.188,,1.564,1.258,0.215,0.0,0.344,0.175,0.3,0.375,0.525,0.561,2.5,1.0
normalized_alphafold3_1g1x_d.pdb,19.01,0.9308956382495024,0.74,0.548,0.577,0.801,25.701,14.74,0.259,,1.992,1.65,0.883,0.0,0.381,0.275,0.3,0.375,0.575,0.613,52.5,21.0
normalized_alphafold3c_0.pdb,0.61,0.0,0.945,1.0,1.0,0.938,0.646,8.47,0.871,0.975,0.062,0.358,0.889,0.0,0.994,0.975,1.0,1.0,1.0,0.858,100.0,40.0
normalized_alphafold3c_2.pdb,0.648,0.0,0.945,1.0,1.0,0.938,0.686,8.57,0.854,0.973,0.07,0.245,0.888,0.0,0.981,0.925,1.0,1.0,1.0,0.859,100.0,40.0
normalized_alphafold3c_1.pdb,0.709,0.0,0.945,1.0,1.0,0.938,0.751,9.12,0.806,0.972,0.075,0.259,0.866,0.0,0.988,0.95,1.0,1.0,1.0,0.855,100.0,40.0
normalized_alphafold3c_4.pdb,0.768,0.0,0.945,1.0,1.0,0.938,0.813,8.44,0.808,0.972,0.084,0.251,0.895,0.0,0.981,0.925,1.0,1.0,1.0,0.858,100.0,40.0
normalized_alphafold3c_3.pdb,0.835,0.0,0.945,1.0,1.0,0.938,0.884,8.83,0.759,0.971,0.087,0.268,0.889,0.0,0.963,0.85,1.0,1.0,1.0,0.976,100.0,40.0
