,RMSD,P-VALUE,INF-ALL,INF-WC,INF-NWC,INF-STACK,DI,MCQ,TM-score,CAD,BARNABA-RMSD,BARNABA-eRMSD,BARNABA-eSCORE,CLASH,GDT-TS,GDT-TS@1,GDT-TS@2,GDT-TS@4,GDT-TS@8,lDDT,LCS-TA-COVERAGE-10,LCS-TA-RESIDUES-10
normalized_rhofold_1gtn_w.pdb,5.991,8.108036464449242e-11,0.753,,,0.818,7.96,75.27,0.162,,0.584,0.775,0.0,0.0,0.239,0.091,0.136,0.25,0.477,0.255,,
normalized_rnajp_1gtn_w.pdb,30.333,0.9999999999994984,0.384,,,0.452,79.042,53.43,0.075,,3.1,1.909,0.0,0.0,0.136,0.091,0.091,0.136,0.227,0.001,,
normalized_rnacomposer_1gtn_w.pdb,30.585,0.9999999999998204,0.205,,,0.251,149.086,47.47,0.079,,3.131,1.981,0.0,0.0,0.142,0.091,0.114,0.159,0.204,0.313,,
normalized_alphafold3_1gtn_w.pdb,30.603,0.9999999999998332,0.428,,,0.512,71.474,45.94,0.07,,3.138,1.909,0.0,0.0,0.131,0.091,0.114,0.136,0.182,0.237,,
normalized_alphafold3c_2.pdb,30.801,0.9999999999999264,0.114,,,0.142,270.276,44.56,0.08,0.593,3.162,1.738,0.0,0.0,0.125,0.091,0.091,0.136,0.182,0.313,,
normalized_alphafold3c_1.pdb,30.895,0.9999999999999504,0.217,,,0.263,142.628,44.08,0.072,0.618,3.17,1.735,0.0,0.0,0.125,0.091,0.091,0.136,0.182,0.298,,
normalized_alphafold3c_0.pdb,30.92,0.9999999999999554,0.217,,,0.263,142.742,43.66,0.073,0.64,3.179,1.678,0.0,0.0,0.125,0.091,0.091,0.136,0.182,0.297,,
normalized_alphafold3c_4.pdb,31.065,0.9999999999999758,0.224,,,0.277,138.708,44.34,0.073,0.638,3.194,1.674,0.0,0.0,0.119,0.091,0.091,0.136,0.159,0.298,,
normalized_alphafold3c_3.pdb,31.075,0.9999999999999768,0.207,,,0.246,150.241,49.73,0.071,0.58,3.191,1.734,0.0,0.0,0.119,0.091,0.091,0.136,0.159,0.294,,
