,RMSD,P-VALUE,INF-ALL,INF-WC,INF-NWC,INF-STACK,DI,MCQ,TM-score,CAD,BARNABA-RMSD,BARNABA-eRMSD,BARNABA-eSCORE,CLASH,GDT-TS,GDT-TS@1,GDT-TS@2,GDT-TS@4,GDT-TS@8,lDDT,LCS-TA-COVERAGE-10,LCS-TA-RESIDUES-10
normalized_rhofold_1s03_b.pdb,2.14,0.0,0.833,0.973,,0.785,2.567,48.03,0.567,,0.219,0.712,1.557,0.0,0.793,0.34,0.851,0.979,1.0,0.707,4.255,2.0
normalized_rnacomposer_1s03_b.pdb,3.913,6.106226635438361e-16,0.738,0.865,0.0,0.714,5.304,26.95,0.349,,0.36,1.156,1.271,0.0,0.628,0.277,0.425,0.808,1.0,0.663,19.149,9.0
normalized_alphafold3_1s03_b.pdb,4.675,1.6653345369377348e-14,0.771,0.789,0.0,0.791,6.066,19.85,0.291,,0.465,1.126,2.011,0.0,0.558,0.277,0.362,0.617,0.979,0.654,21.277,10.0
normalized_rnajp_1s03_b.pdb,5.003,6.694644838489695e-14,0.8,0.895,0.0,0.785,6.254,26.3,0.305,,0.479,1.23,1.86,0.0,0.548,0.234,0.362,0.596,1.0,0.098,8.511,4.0
normalized_alphafold3c_3.pdb,2.364,0.0,0.923,0.973,0.707,0.909,2.56,18.24,0.72,0.911,0.177,0.471,1.944,0.0,0.899,0.702,0.894,1.0,1.0,0.823,38.298,18.0
normalized_alphafold3c_1.pdb,2.447,0.0,0.898,0.973,0.707,0.872,2.723,18.02,0.717,0.897,0.18,0.499,1.899,0.0,0.888,0.638,0.915,1.0,1.0,0.879,38.298,18.0
normalized_alphafold3c_2.pdb,2.45,0.0,0.898,0.973,0.5,0.883,2.727,17.3,0.705,0.91,0.193,0.552,1.942,0.0,0.872,0.66,0.83,1.0,1.0,0.713,38.298,18.0
normalized_alphafold3c_0.pdb,2.469,0.0,0.917,1.0,0.707,0.886,2.694,18.54,0.708,0.896,0.192,0.546,1.909,0.0,0.878,0.66,0.851,1.0,1.0,0.872,38.298,18.0
normalized_alphafold3c_4.pdb,2.593,0.0,0.914,0.973,0.707,0.895,2.835,18.09,0.714,0.897,0.191,0.485,1.915,0.0,0.888,0.681,0.872,1.0,1.0,0.795,38.298,18.0
