,RMSD,P-VALUE,INF-ALL,INF-WC,INF-NWC,INF-STACK,DI,MCQ,TM-score,CAD,BARNABA-RMSD,BARNABA-eRMSD,BARNABA-eSCORE,CLASH,GDT-TS,GDT-TS@1,GDT-TS@2,GDT-TS@4,GDT-TS@8,lDDT,LCS-TA-COVERAGE-10,LCS-TA-RESIDUES-10
normalized_rhofold_1ykv_b.pdb,2.066,1.532107773982716e-14,0.85,0.943,,0.852,2.43,41.84,0.44,,0.209,0.733,0.607,0.0,0.803,0.395,0.816,1.0,1.0,0.706,5.263,2.0
normalized_alphafold3_1ykv_b.pdb,6.052,3.705414308718957e-08,0.767,0.853,,0.768,7.891,17.34,0.269,,0.65,1.045,0.966,0.0,0.526,0.289,0.421,0.5,0.895,0.625,15.789,6.0
normalized_rnacomposer_1ykv_b.pdb,9.758,0.0004466628246923,0.622,0.894,0.0,0.579,15.691,31.85,0.26,,0.989,1.452,0.571,0.0,0.461,0.289,0.316,0.474,0.763,0.556,5.263,2.0
normalized_rnajp_1ykv_b.pdb,9.979,0.0006890501591302,0.751,0.943,0.0,0.733,13.285,31.08,0.191,,1.1,1.351,0.736,0.0,0.349,0.158,0.316,0.395,0.526,0.003,13.158,5.0
normalized_alphafold3c_3.pdb,1.05,1.6653345369377348e-16,0.895,0.943,0.5,0.907,1.173,15.22,0.656,0.939,0.114,0.38,0.926,0.0,0.921,0.684,1.0,1.0,1.0,0.871,34.211,13.0
normalized_alphafold3c_4.pdb,1.107,2.220446049250313e-16,0.891,0.943,0.707,0.888,1.243,15.69,0.618,0.934,0.119,0.391,0.947,0.0,0.901,0.632,0.974,1.0,1.0,0.882,34.211,13.0
normalized_alphafold3c_0.pdb,1.179,2.7755575615628914e-16,0.871,1.0,0.408,0.875,1.355,15.99,0.603,0.939,0.127,0.381,0.939,0.0,0.888,0.579,0.974,1.0,1.0,0.888,34.211,13.0
normalized_alphafold3c_1.pdb,1.215,3.3306690738754696e-16,0.895,0.943,0.5,0.907,1.358,15.14,0.615,0.941,0.133,0.366,0.942,0.0,0.914,0.711,0.947,1.0,1.0,0.891,31.579,12.0
normalized_alphafold3c_2.pdb,1.264,4.440892098500626e-16,0.895,0.943,0.707,0.894,1.412,15.05,0.634,0.943,0.133,0.354,0.924,0.0,0.908,0.711,0.921,1.0,1.0,0.898,34.211,13.0
