,RMSD,P-VALUE,INF-ALL,INF-WC,INF-NWC,INF-STACK,DI,MCQ,TM-score,CAD,BARNABA-RMSD,BARNABA-eRMSD,BARNABA-eSCORE,CLASH,GDT-TS,GDT-TS@1,GDT-TS@2,GDT-TS@4,GDT-TS@8,lDDT,LCS-TA-COVERAGE-10,LCS-TA-RESIDUES-10
normalized_rnacomposer_1zho_b.pdb,1.703,3.164135620181696e-15,0.93,1.0,1.0,0.897,1.83,10.76,0.65,,0.181,0.4,1.158,0.0,0.875,0.658,0.842,1.0,1.0,0.898,47.368,18.0
normalized_rhofold_1zho_b.pdb,1.867,6.494804694057166e-15,0.893,1.0,1.0,0.84,2.091,41.89,0.447,,0.198,0.735,1.288,0.0,0.789,0.368,0.789,1.0,1.0,0.716,5.263,2.0
normalized_rnajp_1zho_b.pdb,4.03,3.909400581036948e-11,0.911,1.0,,0.89,4.422,21.19,0.385,,0.421,0.7,1.64,0.0,0.697,0.342,0.711,0.789,0.947,0.222,7.895,3.0
normalized_alphafold3_1zho_b.pdb,4.691,4.2086067963964524e-10,0.946,1.0,0.707,0.936,4.961,14.92,0.308,,0.496,0.655,1.636,0.0,0.618,0.316,0.474,0.711,0.974,0.711,28.947,11.0
normalized_alphafold3c_0.pdb,0.477,0.0,0.966,1.0,0.707,0.967,0.494,6.33,0.895,0.964,0.05,0.189,1.64,0.0,1.0,1.0,1.0,1.0,1.0,0.988,100.0,38.0
normalized_alphafold3c_3.pdb,0.481,0.0,0.966,1.0,0.707,0.967,0.498,6.56,0.894,0.963,0.051,0.197,1.645,0.0,1.0,1.0,1.0,1.0,1.0,0.986,100.0,38.0
normalized_alphafold3c_2.pdb,0.495,0.0,0.966,1.0,0.707,0.967,0.512,6.47,0.894,0.962,0.052,0.195,1.62,0.0,1.0,1.0,1.0,1.0,1.0,0.988,100.0,38.0
normalized_alphafold3c_4.pdb,0.498,0.0,0.966,1.0,0.707,0.967,0.515,6.38,0.888,0.963,0.053,0.193,1.644,0.0,1.0,1.0,1.0,1.0,1.0,0.988,100.0,38.0
normalized_alphafold3c_1.pdb,0.499,0.0,0.978,1.0,0.707,0.984,0.51,7.51,0.889,0.96,0.051,0.199,1.651,0.0,0.993,0.974,1.0,1.0,1.0,0.931,100.0,38.0
