,RMSD,P-VALUE,INF-ALL,INF-WC,INF-NWC,INF-STACK,DI,MCQ,TM-score,CAD,BARNABA-RMSD,BARNABA-eRMSD,BARNABA-eSCORE,CLASH,GDT-TS,GDT-TS@1,GDT-TS@2,GDT-TS@4,GDT-TS@8,lDDT,LCS-TA-COVERAGE-10,LCS-TA-RESIDUES-10
normalized_rnajp_3ciy_c.pdb,29.748,0.9999999999588562,0.571,,,0.688,52.14,19.98,0.174,,3.044,1.593,0.902,0.0,0.304,0.152,0.261,0.283,0.522,0.002,8.696,4.0
normalized_alphafold3_3ciy_c.pdb,32.631,0.9999999999999998,0.673,,,0.785,48.466,13.11,0.206,,3.362,1.562,1.39,0.0,0.234,0.152,0.217,0.261,0.304,0.693,56.522,26.0
normalized_rnacomposer_3ciy_c.pdb,32.912,1.0,0.475,,,0.601,69.287,24.25,0.193,,3.333,1.695,0.652,0.0,0.293,0.152,0.217,0.348,0.457,0.638,17.391,8.0
normalized_rhofold_3ciy_c.pdb,38.708,1.0,0.365,,,0.474,106.006,68.39,0.127,,3.914,1.815,0.23,0.0,0.19,0.087,0.174,0.217,0.283,0.443,2.174,1.0
normalized_alphafold3c_4.pdb,2.403,0.0,0.93,,,0.93,2.585,8.08,0.549,0.973,0.25,0.192,2.254,0.0,0.783,0.435,0.783,0.913,1.0,0.949,100.0,46.0
normalized_alphafold3c_0.pdb,2.538,0.0,0.903,,,0.903,2.812,8.15,0.523,0.971,0.266,0.196,2.242,0.0,0.761,0.413,0.717,0.913,1.0,0.946,100.0,46.0
normalized_alphafold3c_2.pdb,2.664,0.0,0.903,,,0.903,2.951,8.17,0.535,0.972,0.279,0.194,2.245,0.0,0.755,0.435,0.696,0.891,1.0,0.948,100.0,46.0
normalized_alphafold3c_1.pdb,2.778,0.0,0.93,,,0.93,2.989,8.02,0.535,0.972,0.29,0.197,2.212,0.0,0.755,0.413,0.739,0.87,1.0,0.944,100.0,46.0
normalized_alphafold3c_3.pdb,3.041,5.551115123125783e-17,0.916,,,0.916,3.319,9.15,0.474,0.973,0.318,0.194,2.133,0.0,0.707,0.413,0.565,0.848,1.0,0.927,100.0,46.0
