,RMSD,P-VALUE,INF-ALL,INF-WC,INF-NWC,INF-STACK,DI,MCQ,TM-score,CAD,BARNABA-RMSD,BARNABA-eRMSD,BARNABA-eSCORE,CLASH,GDT-TS,GDT-TS@1,GDT-TS@2,GDT-TS@4,GDT-TS@8,lDDT,LCS-TA-COVERAGE-10,LCS-TA-RESIDUES-10
normalized_rhofold_3egz_b.pdb,6.82,0.0,0.72,0.947,0.0,0.677,9.466,53.18,0.389,,,,1.139,0.0,0.477,0.185,0.354,0.554,0.815,0.559,3.077,2.0
normalized_alphafold3_3egz_b.pdb,6.842,0.0,0.777,0.919,0.0,0.782,8.8,13.62,0.372,,,,2.247,0.0,0.504,0.215,0.354,0.6,0.846,0.668,33.846,22.0
normalized_rnacomposer_3egz_b.pdb,15.639,4.0084450911026526e-05,0.74,0.919,0.0,0.722,21.122,14.78,0.338,,,,1.254,0.0,0.446,0.231,0.339,0.508,0.708,0.595,38.462,25.0
normalized_rnajp_3egz_b.pdb,15.709,4.7069744883332376e-05,0.768,0.919,0.0,0.765,20.461,21.79,0.397,,,,1.939,0.0,0.519,0.262,0.415,0.677,0.723,0.039,16.923,11.0
normalized_alphafold3c_1.pdb,3.306,0.0,0.833,0.946,0.577,0.819,3.971,11.72,0.598,0.863,0.307,0.771,1.993,0.0,0.739,0.4,0.646,0.908,1.0,0.724,73.846,48.0
normalized_alphafold3c_2.pdb,3.622,0.0,0.819,0.919,0.236,0.835,4.421,13.11,0.557,0.878,0.365,0.73,1.961,0.0,0.696,0.339,0.538,0.923,0.985,0.738,72.308,47.0
normalized_alphafold3c_4.pdb,3.75,0.0,0.854,0.946,0.408,0.865,4.393,11.21,0.51,0.884,0.377,0.744,1.923,0.0,0.681,0.339,0.508,0.892,0.985,0.707,72.308,47.0
normalized_alphafold3c_3.pdb,3.818,0.0,0.833,0.946,,0.841,4.586,12.13,0.546,0.861,0.359,0.842,1.962,0.0,0.7,0.385,0.538,0.892,0.985,0.691,72.308,47.0
normalized_alphafold3c_0.pdb,4.163,0.0,0.831,0.895,0.408,0.843,5.011,14.93,0.627,0.847,0.387,0.857,1.927,0.0,0.75,0.415,0.677,0.923,0.985,0.747,69.231,45.0
