,RMSD,P-VALUE,INF-ALL,INF-WC,INF-NWC,INF-STACK,DI,MCQ,TM-score,CAD,BARNABA-RMSD,BARNABA-eRMSD,BARNABA-eSCORE,CLASH,GDT-TS,GDT-TS@1,GDT-TS@2,GDT-TS@4,GDT-TS@8,lDDT,LCS-TA-COVERAGE-10,LCS-TA-RESIDUES-10
normalized_alphafold3_3hhn_c.pdb,3.257,0.0,0.895,0.978,0.516,0.875,3.64,12.17,0.903,,0.341,0.655,5.025,0.0,0.861,0.62,0.898,0.956,0.971,0.802,44.526,61.0
normalized_rhofold_3hhn_c.pdb,7.518,0.0,0.68,0.801,0.0,0.67,11.059,52.74,0.458,,0.766,1.309,2.041,0.0,0.356,0.08,0.175,0.409,0.759,0.527,1.46,2.0
normalized_rnajp_3hhn_c.pdb,30.309,0.0022982026438382,0.732,0.801,0.258,0.721,41.429,23.98,0.214,,3.107,1.409,3.804,0.0,0.192,0.08,0.161,0.212,0.314,0.017,5.109,7.0
normalized_rnacomposer_3hhn_c.pdb,31.686,0.0192866791431012,0.595,0.677,0.0,0.584,53.26,23.29,0.224,,3.21,1.619,2.907,0.0,0.177,0.124,0.168,0.182,0.234,0.41,5.109,7.0
normalized_alphafold3c_4.pdb,1.041,0.0,0.911,0.989,0.447,0.898,1.143,10.16,0.957,0.946,0.107,0.396,4.871,0.0,0.929,0.737,0.978,1.0,1.0,0.95,81.752,112.0
normalized_alphafold3c_0.pdb,1.112,0.0,0.922,0.989,0.671,0.904,1.206,11.35,0.954,0.945,0.113,0.39,4.809,0.0,0.92,0.708,0.978,0.993,1.0,0.944,50.365,69.0
normalized_alphafold3c_1.pdb,1.218,0.0,0.911,0.989,0.516,0.894,1.337,10.93,0.952,0.936,0.114,0.466,4.814,0.0,0.925,0.723,0.978,1.0,1.0,0.934,50.365,69.0
normalized_alphafold3c_2.pdb,1.243,0.0,0.918,0.989,0.447,0.908,1.354,10.53,0.939,0.943,0.127,0.394,4.881,0.0,0.892,0.635,0.942,0.993,1.0,0.94,56.204,77.0
normalized_alphafold3c_3.pdb,1.491,0.0,0.915,0.989,0.447,0.904,1.629,10.84,0.915,0.942,0.149,0.418,4.818,0.0,0.854,0.533,0.89,0.993,1.0,0.944,52.555,72.0
