,RMSD,P-VALUE,INF-ALL,INF-WC,INF-NWC,INF-STACK,DI,MCQ,TM-score,CAD,BARNABA-RMSD,BARNABA-eRMSD,BARNABA-eSCORE,CLASH,GDT-TS,GDT-TS@1,GDT-TS@2,GDT-TS@4,GDT-TS@8,lDDT,LCS-TA-COVERAGE-10,LCS-TA-RESIDUES-10
normalized_rhofold_3id5_d.pdb,9.889,0.0054660447169974,0.715,0.913,0.707,0.667,13.836,,0.292,,,,0.259,0.0,0.606,0.333,0.606,0.727,0.758,0.587,,
normalized_alphafold3_3id5_d.pdb,17.15,0.9317221604080724,0.475,0.507,0.0,0.54,36.094,,0.16,,,,0.477,0.0,0.371,0.273,0.364,0.394,0.455,0.348,8.824,3.0
normalized_rnacomposer_3id5_d.pdb,18.462,0.9867169348468428,0.562,0.474,,0.635,32.862,,0.117,,,,0.291,0.0,0.341,0.242,0.333,0.364,0.424,0.377,8.824,3.0
normalized_rnajp_3id5_d.pdb,18.499,0.9874077518742088,0.429,0.447,0.0,0.456,43.115,,0.11,,,,0.375,0.0,0.364,0.242,0.364,0.394,0.455,0.011,5.882,2.0
normalized_alphafold3c_4.pdb,4.914,5.5104993401666746e-08,0.946,1.0,1.0,0.927,5.196,,0.54,,,,0.364,0.0,0.773,0.667,0.758,0.758,0.909,0.812,11.765,4.0
normalized_alphafold3c_3.pdb,5.813,7.566301134520614e-07,0.929,1.0,1.0,0.906,6.256,,0.502,,,,0.364,0.0,0.742,0.636,0.758,0.758,0.818,0.805,11.765,4.0
normalized_alphafold3c_1.pdb,6.335,3.1031736166253765e-06,0.929,1.0,1.0,0.906,6.818,,0.508,,,,0.372,0.0,0.742,0.667,0.727,0.758,0.818,0.804,11.765,4.0
normalized_alphafold3c_0.pdb,7.025,1.7657238131629782e-05,0.914,1.0,1.0,0.886,7.689,,0.491,,,,0.372,0.0,0.735,0.667,0.727,0.758,0.788,0.802,11.765,4.0
normalized_alphafold3c_2.pdb,7.183,2.582793201721945e-05,0.929,1.0,1.0,0.906,7.731,,0.513,,,,0.372,0.0,0.735,0.667,0.727,0.758,0.788,0.812,11.765,4.0
