,RMSD,P-VALUE,INF-ALL,INF-WC,INF-NWC,INF-STACK,DI,MCQ,TM-score,CAD,BARNABA-RMSD,BARNABA-eRMSD,BARNABA-eSCORE,CLASH,GDT-TS,GDT-TS@1,GDT-TS@2,GDT-TS@4,GDT-TS@8,lDDT,LCS-TA-COVERAGE-10,LCS-TA-RESIDUES-10
normalized_rnacomposer_3nmu_d.pdb,11.863,0.0738049609251221,0.509,0.53,0.577,0.512,23.328,29.74,0.143,,1.331,1.611,0.351,0.0,0.324,0.265,0.294,0.324,0.412,0.508,14.706,5.0
normalized_rnajp_3nmu_d.pdb,13.285,0.2552197786215788,0.655,0.612,,0.711,20.277,33.89,0.151,,1.433,1.175,0.425,0.0,0.426,0.206,0.294,0.529,0.676,0.015,2.941,1.0
normalized_alphafold3_3nmu_d.pdb,13.453,0.2860954828195785,0.734,0.707,0.816,0.74,18.328,26.52,0.206,,1.476,1.331,0.485,0.0,0.346,0.235,0.324,0.382,0.441,0.553,14.706,5.0
normalized_rhofold_3nmu_d.pdb,13.966,0.3897591478693801,0.679,0.756,0.866,0.636,20.573,63.7,0.254,,1.455,1.253,0.372,0.0,0.529,0.235,0.559,0.647,0.676,0.675,,
normalized_alphafold3c_2.pdb,0.716,1.0769163338864018e-14,0.934,1.0,1.0,0.914,0.766,12.25,0.812,0.957,0.074,0.254,0.427,0.0,0.985,0.941,1.0,1.0,1.0,0.958,47.059,16.0
normalized_alphafold3c_1.pdb,1.001,3.6359804056473877e-14,0.919,1.0,1.0,0.895,1.089,12.76,0.692,0.956,0.102,0.279,0.428,0.0,0.963,0.853,1.0,1.0,1.0,0.953,50.0,17.0
normalized_alphafold3c_3.pdb,1.022,3.9745984281580604e-14,0.934,1.0,1.0,0.914,1.094,12.51,0.68,0.953,0.099,0.271,0.432,0.0,0.934,0.735,1.0,1.0,1.0,0.951,50.0,17.0
normalized_alphafold3c_4.pdb,1.09,5.295763827461997e-14,0.919,1.0,1.0,0.895,1.186,12.32,0.706,0.955,0.11,0.271,0.427,0.0,0.949,0.824,0.971,1.0,1.0,0.958,50.0,17.0
normalized_alphafold3c_0.pdb,1.4,1.9184653865522705e-13,0.934,1.0,1.0,0.914,1.499,11.84,0.69,0.957,0.145,0.247,0.43,0.0,0.934,0.794,0.941,1.0,1.0,0.961,50.0,17.0
