,RMSD,P-VALUE,INF-ALL,INF-WC,INF-NWC,INF-STACK,DI,MCQ,TM-score,CAD,BARNABA-RMSD,BARNABA-eRMSD,BARNABA-eSCORE,CLASH,GDT-TS,GDT-TS@1,GDT-TS@2,GDT-TS@4,GDT-TS@8,lDDT,LCS-TA-COVERAGE-10,LCS-TA-RESIDUES-10
normalized_rhofold_4b3p_r.pdb,2.658,5.7509249142939645e-05,0.866,,,0.866,3.069,54.08,0.211,,0.271,0.567,0.34,0.0,0.345,0.238,0.381,0.381,0.381,0.741,4.762,1.0
normalized_alphafold3_4b3p_r.pdb,14.507,0.9967982250680294,0.667,,,0.777,21.753,10.19,0.187,,1.539,1.348,0.378,0.0,0.321,0.238,0.286,0.381,0.381,0.701,76.19,16.0
normalized_rnacomposer_4b3p_r.pdb,14.578,0.9971622164613264,0.577,,,0.674,25.25,18.27,0.164,,1.501,1.306,0.045,0.0,0.274,0.191,0.238,0.286,0.381,0.625,28.571,6.0
normalized_rnajp_4b3p_r.pdb,15.492,0.9994695472300528,0.577,,,0.707,26.833,24.08,0.272,,1.588,1.479,0.165,0.0,0.262,0.191,0.238,0.286,0.333,0.0,14.286,3.0
normalized_alphafold3c_1.pdb,10.566,0.7044532574717718,0.866,,,0.866,12.201,9.31,0.421,0.828,1.143,0.547,1.049,0.0,0.762,0.571,0.762,0.857,0.857,0.784,,
normalized_alphafold3c_4.pdb,10.697,0.7291115284271472,0.866,,,0.866,12.352,10.36,0.407,0.827,1.158,0.551,1.06,0.0,0.774,0.571,0.809,0.857,0.857,0.782,,
normalized_alphafold3c_2.pdb,11.048,0.789521869992983,0.894,,,0.894,12.352,7.55,0.401,0.83,1.191,0.553,1.106,0.0,0.75,0.524,0.762,0.857,0.857,0.78,,
normalized_alphafold3c_3.pdb,11.062,0.7917316401554999,0.894,,,0.894,12.367,7.76,0.413,0.829,1.198,0.547,1.159,0.0,0.714,0.429,0.714,0.857,0.857,0.789,,
normalized_alphafold3c_0.pdb,11.113,0.7998862243670116,0.866,,,0.866,12.833,8.35,0.415,0.831,1.174,0.548,1.076,0.0,0.762,0.571,0.762,0.857,0.857,0.79,,
