,RMSD,P-VALUE,INF-ALL,INF-WC,INF-NWC,INF-STACK,DI,MCQ,TM-score,CAD,BARNABA-RMSD,BARNABA-eRMSD,BARNABA-eSCORE,CLASH,GDT-TS,GDT-TS@1,GDT-TS@2,GDT-TS@4,GDT-TS@8,lDDT,LCS-TA-COVERAGE-10,LCS-TA-RESIDUES-10
normalized_rhofold_4b3q_r.pdb,5.728,0.0157484052042625,0.849,,,0.849,6.748,50.78,0.209,,0.631,0.654,0.253,0.0,0.429,0.238,0.333,0.524,0.619,0.659,4.762,1.0
normalized_rnacomposer_4b3q_r.pdb,16.586,0.9999480824818427,0.612,,,0.713,27.099,25.02,0.188,,1.626,1.594,0.328,0.0,0.405,0.191,0.286,0.429,0.714,0.597,14.286,3.0
normalized_rnajp_4b3q_r.pdb,17.097,0.999984471256887,0.42,,,0.485,40.7,23.99,0.194,,1.657,1.585,0.345,0.0,0.309,0.143,0.286,0.333,0.476,0.023,14.286,3.0
normalized_alphafold3_4b3q_r.pdb,19.088,0.9999999323558174,0.651,,,0.751,29.33,12.02,0.175,,1.886,1.426,0.927,0.0,0.5,0.381,0.429,0.524,0.667,0.658,38.095,8.0
normalized_alphafold3c_3.pdb,3.664,0.000488325221283,0.91,,,0.91,4.029,9.94,0.337,0.863,0.362,0.487,1.309,0.0,0.762,0.524,0.667,0.905,0.952,0.852,,
normalized_alphafold3c_4.pdb,3.984,0.0009051979203161,0.939,,,0.939,4.241,10.44,0.321,0.86,0.444,0.489,1.362,0.0,0.714,0.476,0.619,0.809,0.952,0.839,,
normalized_alphafold3c_2.pdb,4.133,0.0011955024506594,0.882,,,0.882,4.684,10.84,0.316,0.858,0.428,0.488,1.38,0.0,0.714,0.524,0.571,0.809,0.952,0.835,,
normalized_alphafold3c_1.pdb,4.168,0.0012759803963205,0.91,,,0.91,4.583,10.32,0.315,0.86,0.453,0.491,1.354,0.0,0.714,0.524,0.571,0.809,0.952,0.836,,
normalized_alphafold3c_0.pdb,4.292,0.0015974452709006,0.91,,,0.91,4.719,10.78,0.311,0.859,0.448,0.483,1.359,0.0,0.702,0.524,0.571,0.762,0.952,0.834,,
