,RMSD,P-VALUE,INF-ALL,INF-WC,INF-NWC,INF-STACK,DI,MCQ,TM-score,CAD,BARNABA-RMSD,BARNABA-eRMSD,BARNABA-eSCORE,CLASH,GDT-TS,GDT-TS@1,GDT-TS@2,GDT-TS@4,GDT-TS@8,lDDT,LCS-TA-COVERAGE-10,LCS-TA-RESIDUES-10
normalized_rhofold_4c7o_e.pdb,3.678,5.551115123125783e-17,0.862,0.949,0.707,0.827,4.267,39.04,0.416,,0.381,0.728,1.144,0.0,0.609,0.229,0.458,0.75,1.0,0.689,4.167,2.0
normalized_alphafold3_4c7o_e.pdb,5.599,2.5873747588889283e-13,0.903,0.95,1.0,0.877,6.202,16.26,0.407,,0.567,0.696,1.861,0.0,0.599,0.396,0.5,0.583,0.917,0.768,52.083,25.0
normalized_rnajp_4c7o_e.pdb,6.88,3.7802372343520574e-11,0.651,0.632,0.0,0.686,10.56,21.84,0.318,,0.69,1.441,1.514,0.0,0.438,0.208,0.354,0.479,0.708,0.026,8.333,4.0
normalized_rnacomposer_4c7o_e.pdb,8.958,4.291493727048845e-08,0.758,0.868,1.0,0.69,11.816,22.94,0.256,,0.914,1.068,0.958,0.0,0.391,0.188,0.292,0.458,0.625,0.637,27.083,13.0
normalized_alphafold3c_1.pdb,1.151,0.0,0.958,1.0,1.0,0.936,1.201,9.92,0.701,0.949,0.123,0.283,1.86,0.0,0.911,0.646,1.0,1.0,1.0,0.933,100.0,48.0
normalized_alphafold3c_2.pdb,1.417,0.0,0.94,1.0,1.0,0.907,1.507,10.66,0.629,0.943,0.151,0.286,1.85,0.0,0.875,0.521,0.979,1.0,1.0,0.926,87.5,42.0
normalized_alphafold3c_0.pdb,1.813,0.0,0.958,1.0,1.0,0.936,1.892,10.87,0.642,0.944,0.186,0.294,1.86,0.0,0.833,0.542,0.792,1.0,1.0,0.908,87.5,42.0
normalized_alphafold3c_3.pdb,2.234,0.0,0.908,0.95,1.0,0.884,2.461,12.73,0.653,0.9,0.184,0.667,1.803,0.0,0.859,0.5,0.958,0.979,1.0,0.804,64.583,31.0
normalized_alphafold3c_4.pdb,3.765,1.1102230246251563e-16,0.925,0.95,1.0,0.91,4.072,12.03,0.512,0.909,0.38,0.659,1.904,0.0,0.646,0.354,0.5,0.729,1.0,0.828,62.5,30.0
