,RMSD,P-VALUE,INF-ALL,INF-WC,INF-NWC,INF-STACK,DI,MCQ,TM-score,CAD,BARNABA-RMSD,BARNABA-eRMSD,BARNABA-eSCORE,CLASH,GDT-TS,GDT-TS@1,GDT-TS@2,GDT-TS@4,GDT-TS@8,lDDT,LCS-TA-COVERAGE-10,LCS-TA-RESIDUES-10
normalized_rhofold_4k50_b.pdb,2.108,1.1632694807417464e-11,0.851,1.0,1.0,0.805,2.479,,0.352,,,,0.843,0.0,0.82,0.438,0.844,1.0,1.0,0.782,6.061,2.0
normalized_alphafold3_4k50_b.pdb,8.646,0.0011365405759299,0.889,1.0,1.0,0.862,9.725,,0.284,,,,1.486,0.0,0.531,0.406,0.531,0.562,0.625,0.888,96.97,32.0
normalized_rnacomposer_4k50_b.pdb,13.71,0.4057280590912193,0.793,0.775,0.707,0.808,17.297,,0.279,,,,0.869,0.0,0.531,0.344,0.531,0.594,0.656,0.782,51.515,17.0
normalized_rnajp_4k50_b.pdb,14.055,0.4813446365505092,0.739,0.866,0.5,0.742,19.031,,0.224,,,,0.918,0.0,0.484,0.25,0.531,0.562,0.594,0.028,18.182,6.0
normalized_alphafold3c_4.pdb,1.233,3.748668042646841e-13,0.926,1.0,1.0,0.907,1.331,,0.537,,,,1.333,0.0,0.891,0.594,0.969,1.0,1.0,0.986,100.0,33.0
normalized_alphafold3c_1.pdb,1.296,4.82502926502093e-13,0.926,1.0,1.0,0.907,1.399,,0.512,,,,1.329,0.0,0.883,0.562,0.969,1.0,1.0,0.971,100.0,33.0
normalized_alphafold3c_2.pdb,1.435,8.43991543320044e-13,0.94,1.0,1.0,0.924,1.527,,0.493,,,,1.332,0.0,0.875,0.625,0.875,1.0,1.0,0.984,100.0,33.0
normalized_alphafold3c_0.pdb,1.706,2.4715229862692922e-12,0.926,1.0,1.0,0.907,1.842,,0.483,,,,1.318,0.0,0.844,0.594,0.781,1.0,1.0,0.978,100.0,33.0
normalized_alphafold3c_3.pdb,1.871,4.686362409245248e-12,0.923,1.0,1.0,0.902,2.026,,0.424,,,,1.332,0.0,0.812,0.562,0.688,1.0,1.0,0.972,100.0,33.0
