,RMSD,P-VALUE,INF-ALL,INF-WC,INF-NWC,INF-STACK,DI,MCQ,TM-score,CAD,BARNABA-RMSD,BARNABA-eRMSD,BARNABA-eSCORE,CLASH,GDT-TS,GDT-TS@1,GDT-TS@2,GDT-TS@4,GDT-TS@8,lDDT,LCS-TA-COVERAGE-10,LCS-TA-RESIDUES-10
normalized_rhofold_4kr9_m.pdb,4.739,1.6988166429143803e-10,0.73,0.87,0.0,0.709,6.492,47.42,0.347,,0.397,1.228,0.593,0.0,0.66,0.41,0.487,0.744,1.0,0.59,2.564,1.0
normalized_alphafold3_4kr9_m.pdb,7.125,3.633758237642226e-07,0.738,0.917,0.0,0.695,9.653,27.04,0.348,,0.709,1.208,1.097,0.0,0.558,0.333,0.513,0.564,0.821,0.584,30.769,12.0
normalized_rnajp_4kr9_m.pdb,7.826,2.503077415616506e-06,0.77,0.917,,0.726,10.161,29.23,0.334,,0.764,1.305,0.984,0.0,0.596,0.359,0.513,0.692,0.821,0.066,12.821,5.0
normalized_rnacomposer_4kr9_m.pdb,14.243,0.1588276048970077,0.677,0.917,0.0,0.591,21.046,27.94,0.265,,1.474,1.291,0.865,0.0,0.429,0.256,0.41,0.513,0.538,0.525,28.205,11.0
normalized_alphafold3c_4.pdb,3.536,1.85357285076293e-12,0.854,1.0,0.0,0.818,4.14,25.38,0.611,0.825,0.223,0.865,0.937,0.0,0.846,0.641,0.769,0.974,1.0,0.756,35.897,14.0
normalized_alphafold3c_3.pdb,3.6,2.3856472353145364e-12,0.788,0.961,0.0,0.749,4.569,27.11,0.552,0.812,0.263,1.01,0.981,0.0,0.808,0.538,0.769,0.923,1.0,0.692,35.897,14.0
normalized_alphafold3c_1.pdb,3.755,4.367839423480291e-12,0.843,1.0,0.0,0.803,4.453,27.56,0.58,0.817,0.274,0.94,0.967,0.0,0.814,0.59,0.795,0.872,1.0,0.675,35.897,14.0
normalized_alphafold3c_2.pdb,4.119,1.748751143892946e-11,0.801,1.0,0.0,0.736,5.144,26.94,0.539,0.802,0.3,1.08,0.979,0.0,0.808,0.564,0.795,0.872,1.0,0.727,35.897,14.0
normalized_alphafold3c_0.pdb,4.884,2.8479496538835747e-10,0.838,1.0,,0.777,5.828,27.12,0.532,0.811,0.369,0.929,0.947,0.0,0.776,0.513,0.744,0.846,1.0,0.665,35.897,14.0
