,RMSD,P-VALUE,INF-ALL,INF-WC,INF-NWC,INF-STACK,DI,MCQ,TM-score,CAD,BARNABA-RMSD,BARNABA-eRMSD,BARNABA-eSCORE,CLASH,GDT-TS,GDT-TS@1,GDT-TS@2,GDT-TS@4,GDT-TS@8,lDDT,LCS-TA-COVERAGE-10,LCS-TA-RESIDUES-10
normalized_rhofold_4m4o_b.pdb,7.136,1.3877787807814457e-15,0.732,0.791,0.0,0.762,9.752,51.07,0.455,,0.693,1.496,1.33,0.0,0.576,0.254,0.475,0.695,0.881,0.563,5.085,3.0
normalized_alphafold3_4m4o_b.pdb,8.229,1.4988010832439613e-13,0.75,0.884,,0.732,10.972,16.39,0.45,,0.8,1.383,2.43,0.0,0.521,0.237,0.407,0.644,0.797,0.628,37.288,22.0
normalized_rnajp_4m4o_b.pdb,9.11,5.046851825341037e-12,0.706,0.763,0.0,0.732,12.903,25.54,0.3,,0.925,1.435,2.059,0.0,0.381,0.152,0.339,0.458,0.576,0.028,8.475,5.0
normalized_rnacomposer_4m4o_b.pdb,12.375,3.004373432258234e-07,0.626,0.64,0.0,0.66,19.762,22.51,0.49,,1.304,1.764,1.781,0.0,0.504,0.305,0.458,0.593,0.661,0.517,22.034,13.0
normalized_alphafold3c_3.pdb,0.766,0.0,0.947,0.977,0.632,0.96,0.809,7.49,0.89,0.957,0.082,0.279,2.371,0.0,0.962,0.848,1.0,1.0,1.0,0.961,100.0,59.0
normalized_alphafold3c_4.pdb,0.866,0.0,0.96,0.977,0.775,0.97,0.902,8.22,0.868,0.95,0.093,0.314,2.287,0.0,0.958,0.831,1.0,1.0,1.0,0.941,100.0,59.0
normalized_alphafold3c_0.pdb,0.874,0.0,0.974,1.0,0.894,0.97,0.898,7.71,0.868,0.959,0.092,0.279,2.295,0.0,0.953,0.814,1.0,1.0,1.0,0.963,100.0,59.0
normalized_alphafold3c_1.pdb,0.998,0.0,0.96,0.977,0.775,0.969,1.04,7.41,0.837,0.954,0.107,0.285,2.307,0.0,0.928,0.729,0.983,1.0,1.0,0.957,100.0,59.0
normalized_alphafold3c_2.pdb,1.037,0.0,0.953,0.977,0.775,0.959,1.088,7.7,0.842,0.956,0.109,0.272,2.327,0.0,0.924,0.746,0.949,1.0,1.0,0.953,100.0,59.0
