,RMSD,P-VALUE,INF-ALL,INF-WC,INF-NWC,INF-STACK,DI,MCQ,TM-score,CAD,BARNABA-RMSD,BARNABA-eRMSD,BARNABA-eSCORE,CLASH,GDT-TS,GDT-TS@1,GDT-TS@2,GDT-TS@4,GDT-TS@8,lDDT,LCS-TA-COVERAGE-10,LCS-TA-RESIDUES-10
normalized_alphafold3_4mgn_a.pdb,7.638,0.0,0.849,0.926,0.378,0.86,8.992,9.99,0.427,0.812,0.759,1.053,2.734,0.0,0.483,0.209,0.314,0.581,0.826,0.689,100.0,86.0
normalized_rnajp_4mgn_a.pdb,9.606,0.0,0.786,0.939,0.267,0.789,12.219,21.29,0.454,0.77,0.991,1.194,2.507,0.0,0.477,0.174,0.419,0.593,0.721,0.087,11.628,10.0
normalized_rnacomposer_4mgn_a.pdb,15.462,6.077549574712293e-11,0.596,0.501,0.154,0.671,25.931,20.11,0.269,0.651,1.571,1.857,2.132,0.0,0.241,0.128,0.174,0.233,0.43,0.454,12.791,11.0
normalized_rhofold_4mgn_a.pdb,19.947,3.98594214486292e-05,0.343,0.347,0.0,0.435,58.122,55.79,0.263,0.561,2.042,2.264,0.889,0.0,0.233,0.093,0.14,0.233,0.465,0.288,,
normalized_alphafold3c_3.pdb,1.508,0.0,0.933,0.98,0.935,0.917,1.616,8.67,0.834,0.914,0.157,0.511,2.544,0.0,0.831,0.419,0.907,1.0,1.0,0.859,100.0,86.0
normalized_alphafold3c_2.pdb,1.667,0.0,0.923,1.0,0.756,0.917,1.806,8.47,0.803,0.907,0.175,0.54,2.565,0.0,0.811,0.407,0.837,1.0,1.0,0.856,100.0,86.0
normalized_alphafold3c_0.pdb,1.719,0.0,0.928,1.0,0.802,0.917,1.854,9.13,0.803,0.9,0.178,0.63,2.524,0.0,0.811,0.395,0.849,1.0,1.0,0.795,100.0,86.0
normalized_alphafold3c_1.pdb,1.793,0.0,0.932,1.0,0.772,0.924,1.924,8.54,0.77,0.917,0.19,0.492,2.536,0.0,0.805,0.395,0.826,1.0,1.0,0.839,100.0,86.0
normalized_alphafold3c_4.pdb,1.83,0.0,0.914,1.0,0.668,0.911,2.003,9.16,0.824,0.885,0.175,0.758,2.507,0.0,0.829,0.407,0.907,1.0,1.0,0.83,100.0,86.0
