,RMSD,P-VALUE,INF-ALL,INF-WC,INF-NWC,INF-STACK,DI,MCQ,TM-score,CAD,BARNABA-RMSD,BARNABA-eRMSD,BARNABA-eSCORE,CLASH,GDT-TS,GDT-TS@1,GDT-TS@2,GDT-TS@4,GDT-TS@8,lDDT,LCS-TA-COVERAGE-10,LCS-TA-RESIDUES-10
normalized_rnajp_4oog_d.pdb,2.646,2.533545595539977e-11,0.947,1.0,,0.924,2.795,17.56,0.362,,0.24,0.482,2.293,0.0,0.743,0.324,0.647,1.0,1.0,0.167,20.588,7.0
normalized_rnacomposer_4oog_d.pdb,2.936,7.381134592421289e-11,0.874,1.0,,0.815,3.359,14.54,0.358,,0.267,0.678,1.435,0.0,0.743,0.353,0.676,0.941,1.0,0.783,47.059,16.0
normalized_alphafold3_4oog_d.pdb,3.471,4.963841560012836e-10,0.918,1.0,,0.886,3.779,12.52,0.406,,0.308,0.778,2.422,0.0,0.765,0.441,0.735,0.882,1.0,0.838,52.941,18.0
normalized_rhofold_4oog_d.pdb,3.772,1.3956582001206641e-09,0.876,1.0,,0.82,4.303,42.08,0.354,,0.345,0.819,1.255,0.0,0.728,0.382,0.676,0.853,1.0,0.741,2.941,1.0
normalized_alphafold3c_4.pdb,0.829,1.754152378907747e-14,0.945,1.0,,0.921,0.877,8.8,0.657,0.972,0.089,0.146,2.404,0.0,0.971,0.882,1.0,1.0,1.0,0.967,100.0,34.0
normalized_alphafold3c_1.pdb,0.86,1.998401444325281e-14,0.967,1.0,,0.953,0.889,8.07,0.668,0.975,0.091,0.141,2.478,0.0,0.978,0.912,1.0,1.0,1.0,0.971,100.0,34.0
normalized_alphafold3c_0.pdb,1.017,3.8913317013111737e-14,0.945,1.0,,0.921,1.076,8.05,0.612,0.972,0.105,0.154,2.484,0.0,0.949,0.824,0.971,1.0,1.0,0.961,100.0,34.0
normalized_alphafold3c_3.pdb,1.108,5.71209746169643e-14,0.957,1.0,,0.938,1.158,7.45,0.576,0.972,0.115,0.153,2.433,0.0,0.919,0.676,1.0,1.0,1.0,0.959,100.0,34.0
normalized_alphafold3c_2.pdb,1.133,6.339373470609645e-14,0.956,1.0,,0.935,1.185,8.9,0.557,0.972,0.118,0.153,2.434,0.0,0.912,0.676,0.971,1.0,1.0,0.952,100.0,34.0
