,RMSD,P-VALUE,INF-ALL,INF-WC,INF-NWC,INF-STACK,DI,MCQ,TM-score,CAD,BARNABA-RMSD,BARNABA-eRMSD,BARNABA-eSCORE,CLASH,GDT-TS,GDT-TS@1,GDT-TS@2,GDT-TS@4,GDT-TS@8,lDDT,LCS-TA-COVERAGE-10,LCS-TA-RESIDUES-10
normalized_alphafold3_4pmi_a.pdb,2.612,1.1934897514720431e-14,0.925,0.968,0.577,0.93,2.824,12.64,0.428,0.91,,,1.378,0.0,0.75,0.425,0.575,1.0,1.0,0.836,30.0,12.0
normalized_rhofold_4pmi_a.pdb,3.229,1.606492716632602e-13,0.65,0.69,0.0,0.686,4.969,47.65,0.363,0.819,,,0.73,0.0,0.662,0.275,0.525,0.85,1.0,0.64,5.0,2.0
normalized_rnajp_4pmi_a.pdb,4.808,7.398931467506029e-11,0.703,0.856,0.0,0.697,6.841,26.47,0.249,0.762,,,1.104,0.0,0.562,0.225,0.375,0.675,0.975,0.016,15.0,6.0
normalized_rnacomposer_4pmi_a.pdb,7.639,6.657208189153607e-07,0.836,0.966,0.0,0.843,9.135,21.13,0.374,0.833,,,0.837,0.0,0.562,0.325,0.5,0.65,0.775,0.704,15.0,6.0
normalized_alphafold3c_0.pdb,2.402,4.773959005888173e-15,0.922,1.0,0.816,0.896,2.605,10.97,0.496,0.935,0.26,0.55,1.337,0.0,0.781,0.475,0.7,0.95,1.0,0.857,67.5,27.0
normalized_alphafold3c_4.pdb,2.538,8.659739592076221e-15,0.902,0.966,0.816,0.882,2.813,12.74,0.516,0.935,0.278,0.57,1.299,0.0,0.775,0.45,0.7,0.95,1.0,0.849,60.0,24.0
normalized_alphafold3c_1.pdb,2.818,2.886579864025407e-14,0.932,1.0,0.816,0.912,3.023,14.0,0.519,0.931,0.31,0.563,1.34,0.0,0.775,0.5,0.725,0.875,1.0,0.856,60.0,24.0
normalized_alphafold3c_2.pdb,2.842,3.1974423109204515e-14,0.913,0.968,0.577,0.912,3.114,12.36,0.522,0.942,0.313,0.545,1.355,0.0,0.787,0.55,0.7,0.9,1.0,0.858,65.0,26.0
normalized_alphafold3c_3.pdb,2.96,5.256906021600116e-14,0.922,1.0,0.577,0.912,3.212,11.17,0.532,0.936,0.328,0.565,1.333,0.0,0.75,0.5,0.675,0.825,1.0,0.86,62.5,25.0
