,RMSD,P-VALUE,INF-ALL,INF-WC,INF-NWC,INF-STACK,DI,MCQ,TM-score,CAD,BARNABA-RMSD,BARNABA-eRMSD,BARNABA-eSCORE,CLASH,GDT-TS,GDT-TS@1,GDT-TS@2,GDT-TS@4,GDT-TS@8,lDDT,LCS-TA-COVERAGE-10,LCS-TA-RESIDUES-10
normalized_rhofold_4rmo_p.pdb,2.625,0.0,0.741,0.9,0.378,0.76,3.542,61.3,0.442,,0.241,1.067,0.514,0.0,0.728,0.222,0.689,1.0,1.0,0.649,2.222,1.0
normalized_alphafold3_4rmo_p.pdb,5.768,1.2559397966072083e-11,0.74,0.913,0.0,0.773,7.795,18.98,0.297,,0.569,1.347,0.92,0.0,0.55,0.244,0.333,0.689,0.933,0.578,15.556,7.0
normalized_rnacomposer_4rmo_p.pdb,23.465,0.9992087690403568,0.291,0.0,,0.428,80.723,33.68,0.244,,2.31,2.189,0.56,0.0,0.233,0.133,0.156,0.244,0.4,0.258,4.444,2.0
normalized_rnajp_4rmo_p.pdb,25.008,0.999970422725135,0.343,0.0,,0.502,72.857,27.75,0.278,,2.532,2.303,0.894,0.0,0.261,0.133,0.2,0.289,0.422,0.023,8.889,4.0
normalized_alphafold3c_3.pdb,2.729,5.551115123125783e-17,0.866,1.0,0.378,0.909,3.149,11.61,0.586,0.904,0.269,0.503,0.832,0.0,0.811,0.511,0.822,0.911,1.0,0.854,44.444,20.0
normalized_alphafold3c_4.pdb,2.82,5.551115123125783e-17,0.866,1.0,0.218,0.925,3.255,11.7,0.625,0.908,0.273,0.478,0.827,0.0,0.833,0.622,0.822,0.911,0.978,0.889,46.667,21.0
normalized_alphafold3c_0.pdb,2.849,5.551115123125783e-17,0.876,1.0,0.436,0.909,3.253,11.13,0.605,0.908,0.262,0.457,0.818,0.0,0.828,0.578,0.8,0.956,0.978,0.821,93.333,42.0
normalized_alphafold3c_1.pdb,3.1,1.6653345369377348e-16,0.878,1.0,0.338,0.939,3.532,12.23,0.592,0.905,0.301,0.453,0.811,0.0,0.811,0.578,0.778,0.911,0.978,0.855,44.444,20.0
normalized_alphafold3c_2.pdb,3.273,3.885780586188048e-16,0.857,0.953,0.338,0.923,3.818,12.2,0.564,0.912,0.352,0.493,0.811,0.0,0.772,0.489,0.756,0.889,0.956,0.811,44.444,20.0
