,RMSD,P-VALUE,INF-ALL,INF-WC,INF-NWC,INF-STACK,DI,MCQ,TM-score,CAD,BARNABA-RMSD,BARNABA-eRMSD,BARNABA-eSCORE,CLASH,GDT-TS,GDT-TS@1,GDT-TS@2,GDT-TS@4,GDT-TS@8,lDDT,LCS-TA-COVERAGE-10,LCS-TA-RESIDUES-10
normalized_rhofold_4x4s_b.pdb,1.891,3.7930769636318473e-13,0.85,1.0,0.0,0.815,2.225,33.17,0.55,,0.18,0.792,1.217,0.0,0.75,0.571,0.771,0.8,0.857,0.794,8.571,3.0
normalized_rnacomposer_4x4s_b.pdb,2.331,2.1940227412642344e-12,0.866,1.0,1.0,0.794,2.692,21.71,0.379,,0.228,0.569,0.798,0.0,0.686,0.4,0.657,0.8,0.886,0.77,22.857,8.0
normalized_rnajp_4x4s_b.pdb,2.97,2.5279667248412352e-11,0.879,1.0,1.0,0.824,3.378,20.58,0.328,,0.309,0.618,1.419,0.0,0.643,0.286,0.657,0.771,0.857,0.081,25.714,9.0
normalized_alphafold3_4x4s_b.pdb,3.095,4.016770249748447e-11,0.897,1.0,1.0,0.853,3.449,12.02,0.377,,0.312,0.599,1.574,0.0,0.693,0.429,0.657,0.8,0.886,0.834,60.0,21.0
normalized_alphafold3c_2.pdb,0.441,7.771561172376098e-16,0.964,1.0,1.0,0.947,0.458,6.01,0.913,0.962,0.044,0.183,1.437,0.0,1.0,1.0,1.0,1.0,1.0,0.977,80.0,28.0
normalized_alphafold3c_3.pdb,0.468,8.881784197001252e-16,0.964,1.0,1.0,0.947,0.486,6.26,0.895,0.963,0.047,0.18,1.419,0.0,1.0,1.0,1.0,1.0,1.0,0.974,80.0,28.0
normalized_alphafold3c_0.pdb,0.492,9.43689570931383e-16,0.962,1.0,1.0,0.944,0.511,6.91,0.881,0.959,0.05,0.189,1.403,0.0,1.0,1.0,1.0,1.0,1.0,0.969,80.0,28.0
normalized_alphafold3c_4.pdb,0.514,1.054711873393899e-15,0.95,1.0,1.0,0.927,0.541,7.05,0.851,0.962,0.055,0.193,1.436,0.0,1.0,1.0,1.0,1.0,1.0,0.966,80.0,28.0
normalized_alphafold3c_1.pdb,0.574,1.3877787807814457e-15,0.95,1.0,1.0,0.927,0.604,6.63,0.852,0.962,0.057,0.184,1.402,0.0,1.0,1.0,1.0,1.0,1.0,0.972,80.0,28.0
