,RMSD,P-VALUE,INF-ALL,INF-WC,INF-NWC,INF-STACK,DI,MCQ,TM-score,CAD,BARNABA-RMSD,BARNABA-eRMSD,BARNABA-eSCORE,CLASH,GDT-TS,GDT-TS@1,GDT-TS@2,GDT-TS@4,GDT-TS@8,lDDT,LCS-TA-COVERAGE-10,LCS-TA-RESIDUES-10
normalized_alphafold3_5btm_b.pdb,2.687,3.3306690738754696e-16,0.928,0.935,0.816,0.934,2.895,13.58,0.478,,0.273,0.524,1.61,0.0,0.256,0.163,0.209,0.256,0.395,0.886,65.116,28.0
normalized_rnajp_5btm_b.pdb,5.186,1.1667666832693158e-11,0.81,0.845,0.577,0.825,6.401,22.32,0.328,,0.521,0.803,1.143,0.0,0.238,0.116,0.163,0.302,0.372,0.007,6.977,3.0
normalized_rnacomposer_5btm_b.pdb,5.82,1.2175732644337242e-10,0.869,0.845,0.816,0.882,6.697,18.31,0.404,,0.606,0.924,0.775,0.0,0.256,0.163,0.163,0.326,0.372,0.722,39.535,17.0
normalized_rhofold_5btm_b.pdb,7.301,1.8124839795685688e-08,0.641,0.535,0.236,0.764,11.382,52.75,0.291,,0.759,1.578,0.289,0.0,0.256,0.116,0.233,0.302,0.372,0.468,4.651,2.0
normalized_alphafold3c_3.pdb,9.111,3.3586894443438098e-06,0.816,0.54,0.816,0.917,11.168,14.32,0.53,0.77,1.021,1.426,1.323,0.0,0.762,0.535,0.744,0.884,0.884,0.705,,
normalized_alphafold3c_0.pdb,9.199,4.221114335012377e-06,0.781,0.519,0.816,0.877,11.779,14.7,0.498,0.765,1.028,1.447,1.305,0.0,0.738,0.488,0.698,0.884,0.884,0.702,,
normalized_alphafold3c_4.pdb,9.256,4.889632199689409e-06,0.805,0.54,0.816,0.901,11.505,14.22,0.5,0.763,1.035,1.429,1.3,0.0,0.727,0.512,0.651,0.861,0.884,0.697,,
normalized_alphafold3c_1.pdb,9.293,5.378695655811061e-06,0.813,0.54,0.816,0.915,11.433,14.61,0.505,0.765,1.039,1.436,1.347,0.0,0.721,0.512,0.651,0.837,0.884,0.703,,
normalized_alphafold3c_2.pdb,9.34,6.056034367929453e-06,0.796,0.54,0.816,0.889,11.727,14.23,0.446,0.768,1.042,1.436,1.286,0.0,0.709,0.465,0.605,0.884,0.884,0.7,,
