,RMSD,P-VALUE,INF-ALL,INF-WC,INF-NWC,INF-STACK,DI,MCQ,TM-score,CAD,BARNABA-RMSD,BARNABA-eRMSD,BARNABA-eSCORE,CLASH,GDT-TS,GDT-TS@1,GDT-TS@2,GDT-TS@4,GDT-TS@8,lDDT,LCS-TA-COVERAGE-10,LCS-TA-RESIDUES-10
normalized_rhofold_5dcv_b.pdb,5.513,5.430100813441643e-13,0.66,0.836,0.158,0.718,8.356,60.77,0.353,,0.559,1.38,0.51,0.0,0.213,0.128,0.192,0.234,0.298,0.63,2.128,1.0
normalized_alphafold3_5dcv_b.pdb,6.03,4.204192549650543e-12,0.825,0.923,0.671,0.808,7.31,29.36,0.414,,0.612,0.845,0.711,0.0,0.239,0.192,0.213,0.234,0.319,0.806,4.255,2.0
normalized_rnacomposer_5dcv_b.pdb,14.18,0.0106067221550739,0.685,0.923,0.25,0.637,20.711,39.57,0.204,,1.48,1.392,0.462,0.0,0.186,0.106,0.128,0.213,0.298,0.538,2.128,1.0
normalized_rnajp_5dcv_b.pdb,14.81,0.0253430895367012,0.612,0.641,0.224,0.653,24.208,40.18,0.261,,1.559,1.556,0.784,0.0,0.213,0.106,0.213,0.234,0.298,0.011,2.128,1.0
normalized_alphafold3c_0.pdb,2.556,0.0,0.833,0.923,0.447,0.85,3.07,27.1,0.581,0.838,0.236,0.812,0.68,0.0,0.793,0.404,0.808,0.979,0.979,0.796,2.128,1.0
normalized_alphafold3c_3.pdb,3.017,0.0,0.849,0.923,0.5,0.862,3.555,26.28,0.464,0.837,0.288,0.84,0.678,0.0,0.702,0.362,0.511,0.957,0.979,0.789,4.255,2.0
normalized_alphafold3c_2.pdb,3.017,0.0,0.825,0.923,0.447,0.838,3.657,26.97,0.493,0.839,0.287,0.805,0.689,0.0,0.729,0.383,0.596,0.957,0.979,0.778,2.128,1.0
normalized_alphafold3c_4.pdb,3.313,5.551115123125783e-17,0.849,0.923,0.5,0.862,3.903,27.0,0.468,0.837,0.322,0.837,0.686,0.0,0.675,0.34,0.489,0.894,0.979,0.787,2.128,1.0
normalized_alphafold3c_1.pdb,3.382,5.551115123125783e-17,0.845,0.923,0.5,0.857,4.001,26.3,0.377,0.841,0.334,0.809,0.67,0.0,0.681,0.425,0.468,0.851,0.979,0.792,4.255,2.0
