,RMSD,P-VALUE,INF-ALL,INF-WC,INF-NWC,INF-STACK,DI,MCQ,TM-score,CAD,BARNABA-RMSD,BARNABA-eRMSD,BARNABA-eSCORE,CLASH,GDT-TS,GDT-TS@1,GDT-TS@2,GDT-TS@4,GDT-TS@8,lDDT,LCS-TA-COVERAGE-10,LCS-TA-RESIDUES-10
normalized_rhofold_5dea_a.pdb,3.17,5.304412464823826e-11,0.679,0.857,0.372,0.764,4.67,62.7,0.267,0.651,0.281,1.468,0.42,0.0,0.686,0.2,0.543,1.0,1.0,0.52,2.857,1.0
normalized_rnajp_5dea_a.pdb,6.314,1.231347967367569e-06,0.68,0.772,0.679,0.667,9.291,35.79,0.283,0.617,0.585,1.648,0.682,0.0,0.529,0.229,0.371,0.543,0.971,0.015,14.286,5.0
normalized_alphafold3_5dea_a.pdb,6.417,1.6262789798715538e-06,0.488,0.598,0.0,0.624,13.155,27.24,0.29,0.581,0.634,2.017,0.692,0.0,0.557,0.314,0.371,0.629,0.914,0.369,22.857,8.0
normalized_rnacomposer_5dea_a.pdb,13.341,0.209723236870033,0.411,0.756,0.0,0.428,32.477,31.35,0.284,0.49,1.355,2.081,0.499,0.0,0.436,0.314,0.371,0.457,0.6,0.363,22.857,8.0
normalized_alphafold3c_0.pdb,2.522,4.6033177270032866e-12,0.864,1.0,0.881,0.81,2.918,24.8,0.459,0.841,0.222,0.687,0.83,0.0,0.829,0.486,0.857,0.971,1.0,0.688,22.857,8.0
normalized_alphafold3c_4.pdb,2.624,6.838307697876189e-12,0.85,0.935,0.877,0.81,3.086,25.58,0.464,0.838,0.236,0.79,0.905,0.0,0.821,0.457,0.857,0.971,1.0,0.646,22.857,8.0
normalized_alphafold3c_3.pdb,2.625,6.857181489294817e-12,0.902,1.0,0.92,0.865,2.909,23.08,0.496,0.843,0.228,0.697,0.932,0.0,0.843,0.571,0.829,0.971,1.0,0.778,22.857,8.0
normalized_alphafold3c_1.pdb,2.68,8.471612300553488e-12,0.875,1.0,0.92,0.81,3.062,27.1,0.536,0.843,0.228,0.735,0.926,0.0,0.864,0.571,0.886,1.0,1.0,0.692,22.857,8.0
normalized_alphafold3c_2.pdb,2.796,1.3160084133545524e-11,0.868,1.0,0.92,0.802,3.223,25.3,0.465,0.83,0.25,0.738,0.852,0.0,0.829,0.543,0.8,0.971,1.0,0.762,22.857,8.0
