,RMSD,P-VALUE,INF-ALL,INF-WC,INF-NWC,INF-STACK,DI,MCQ,TM-score,CAD,BARNABA-RMSD,BARNABA-eRMSD,BARNABA-eSCORE,CLASH,GDT-TS,GDT-TS@1,GDT-TS@2,GDT-TS@4,GDT-TS@8,lDDT,LCS-TA-COVERAGE-10,LCS-TA-RESIDUES-10
normalized_rhofold_5fj4_d.pdb,2.378,2.6364466165773592e-12,0.732,1.0,0.408,0.67,3.247,59.52,0.364,,0.237,0.914,0.484,0.0,0.771,0.343,0.771,0.971,1.0,0.69,8.571,3.0
normalized_rnajp_5fj4_d.pdb,2.49,4.0742964557693995e-12,0.857,1.0,1.0,0.792,2.904,23.61,0.394,,0.228,0.469,0.758,0.0,0.771,0.4,0.686,1.0,1.0,0.007,14.286,5.0
normalized_alphafold3_5fj4_d.pdb,4.839,1.594927961923176e-08,0.857,0.943,1.0,0.813,5.646,16.82,0.339,,0.477,0.973,0.829,0.0,0.643,0.343,0.457,0.829,0.943,0.771,25.714,9.0
normalized_rnacomposer_5fj4_d.pdb,18.756,0.9861179834045196,0.37,0.0,,0.511,50.743,34.47,0.25,,1.973,1.997,0.554,0.0,0.257,0.171,0.171,0.257,0.429,0.284,5.714,2.0
normalized_alphafold3c_3.pdb,0.44,7.771561172376098e-16,0.957,1.0,1.0,0.936,0.46,7.53,0.915,0.969,0.04,0.171,0.825,0.0,1.0,1.0,1.0,1.0,1.0,0.988,100.0,35.0
normalized_alphafold3c_1.pdb,0.551,1.27675647831893e-15,0.971,1.0,1.0,0.957,0.567,7.68,0.836,0.967,0.056,0.176,0.821,0.0,1.0,1.0,1.0,1.0,1.0,0.987,100.0,35.0
normalized_alphafold3c_0.pdb,0.586,1.4432899320127037e-15,0.971,1.0,1.0,0.957,0.604,8.22,0.834,0.967,0.056,0.193,0.821,0.0,0.993,0.971,1.0,1.0,1.0,0.988,100.0,35.0
normalized_alphafold3c_2.pdb,0.598,1.5543122344752196e-15,0.957,1.0,1.0,0.936,0.625,7.34,0.804,0.968,0.062,0.168,0.824,0.0,0.993,0.971,1.0,1.0,1.0,0.988,100.0,35.0
normalized_alphafold3c_4.pdb,0.601,1.5543122344752196e-15,0.971,1.0,1.0,0.957,0.619,7.82,0.836,0.968,0.056,0.2,0.823,0.0,1.0,1.0,1.0,1.0,1.0,0.986,100.0,35.0
