,RMSD,P-VALUE,INF-ALL,INF-WC,INF-NWC,INF-STACK,DI,MCQ,TM-score,CAD,BARNABA-RMSD,BARNABA-eRMSD,BARNABA-eSCORE,CLASH,GDT-TS,GDT-TS@1,GDT-TS@2,GDT-TS@4,GDT-TS@8,lDDT,LCS-TA-COVERAGE-10,LCS-TA-RESIDUES-10
normalized_rhofold_5gin_g.pdb,17.0,0.8897072949087785,0.629,,,0.648,27.034,69.53,0.171,,1.679,0.873,0.253,0.0,0.4,0.2,0.343,0.457,0.6,0.609,2.857,1.0
normalized_rnajp_5gin_g.pdb,18.34,0.975552421347462,0.473,,,0.553,38.743,30.19,0.158,,1.841,1.383,0.534,0.0,0.286,0.171,0.229,0.314,0.429,0.0,11.429,4.0
normalized_rnacomposer_5gin_g.pdb,26.807,0.9999999999874968,0.508,,,0.611,52.72,33.33,0.177,,2.679,1.574,0.404,0.0,0.293,0.2,0.257,0.314,0.4,0.527,5.714,2.0
normalized_alphafold3_5gin_g.pdb,33.833,1.0,0.65,,,0.732,52.05,23.09,0.184,,3.427,1.629,1.044,0.0,0.25,0.171,0.257,0.286,0.286,0.623,14.286,5.0
normalized_alphafold3c_3.pdb,29.893,1.0,0.689,,,0.786,43.415,10.23,0.395,0.892,2.91,1.142,0.863,0.0,0.543,0.457,0.543,0.571,0.6,0.918,97.143,34.0
normalized_alphafold3c_2.pdb,29.907,1.0,0.689,,,0.786,43.436,10.23,0.419,0.895,2.911,1.137,0.871,0.0,0.55,0.486,0.543,0.571,0.6,0.922,97.143,34.0
normalized_alphafold3c_1.pdb,29.919,1.0,0.689,,,0.786,43.453,10.13,0.43,0.893,2.913,1.139,0.879,0.0,0.557,0.514,0.543,0.571,0.6,0.92,97.143,34.0
normalized_alphafold3c_0.pdb,29.947,1.0,0.689,,,0.786,43.494,10.33,0.406,0.891,2.915,1.141,0.878,0.0,0.543,0.457,0.543,0.571,0.6,0.917,97.143,34.0
normalized_alphafold3c_4.pdb,30.055,1.0,0.689,,,0.786,43.652,10.24,0.404,0.894,2.929,1.133,0.868,0.0,0.536,0.457,0.514,0.571,0.6,0.921,97.143,34.0
