,RMSD,P-VALUE,INF-ALL,INF-WC,INF-NWC,INF-STACK,DI,MCQ,TM-score,CAD,BARNABA-RMSD,BARNABA-eRMSD,BARNABA-eSCORE,CLASH,GDT-TS,GDT-TS@1,GDT-TS@2,GDT-TS@4,GDT-TS@8,lDDT,LCS-TA-COVERAGE-10,LCS-TA-RESIDUES-10
normalized_rhofold_5hrt_b.pdb,,,0.198,,,0.264,,,0.163,,,,0.104,0.0,0.272,0.147,0.206,0.324,0.412,0.13,,
normalized_alphafold3_5hrt_b.pdb,,,0.295,0.0,0.0,0.478,,,0.17,,,,0.521,0.0,0.235,0.147,0.147,0.265,0.382,0.222,,
normalized_rnacomposer_5hrt_b.pdb,,,0.251,0.0,0.0,0.405,,,0.191,,,,0.235,0.0,0.257,0.147,0.176,0.265,0.441,0.23,,
normalized_rnajp_5hrt_b.pdb,,,0.18,,0.0,0.264,,,0.157,,,,0.136,0.0,0.324,0.147,0.206,0.382,0.559,0.005,,
normalized_alphafold3c_4.pdb,5.585,0.0003839985960655,0.863,0.926,,0.918,6.472,26.01,0.186,0.79,0.596,1.131,0.706,0.0,0.558,0.346,0.423,0.615,0.846,0.568,,
normalized_alphafold3c_3.pdb,6.731,0.003193874459769,0.818,0.857,,0.875,8.23,32.1,0.179,0.775,0.726,1.203,0.657,0.0,0.462,0.346,0.385,0.462,0.654,0.576,,
normalized_alphafold3c_0.pdb,7.293,0.0078680410526539,0.841,0.857,,0.91,8.675,27.62,0.185,0.76,0.761,1.187,0.671,0.0,0.452,0.308,0.385,0.462,0.654,0.554,,
normalized_alphafold3c_2.pdb,7.646,0.0132520178236171,0.784,0.857,,0.825,9.747,29.38,0.178,0.758,0.81,1.218,0.662,0.0,0.442,0.308,0.385,0.462,0.615,0.558,,
normalized_alphafold3c_1.pdb,8.503,0.040695105828405,0.777,0.857,,0.812,10.944,31.16,0.182,0.762,0.893,1.203,0.658,0.0,0.442,0.308,0.385,0.462,0.615,0.546,,
