,RMSD,P-VALUE,INF-ALL,INF-WC,INF-NWC,INF-STACK,DI,MCQ,TM-score,CAD,BARNABA-RMSD,BARNABA-eRMSD,BARNABA-eSCORE,CLASH,GDT-TS,GDT-TS@1,GDT-TS@2,GDT-TS@4,GDT-TS@8,lDDT,LCS-TA-COVERAGE-10,LCS-TA-RESIDUES-10
normalized_rhofold_5kk5_b.pdb,3.073,8.415490526658688e-14,0.818,0.913,0.707,0.817,3.758,,0.358,,,,0.599,0.0,0.532,0.231,0.41,0.538,0.949,0.732,5.0,2.0
normalized_rnacomposer_5kk5_b.pdb,21.061,0.995625347577158,0.496,0.0,0.0,0.667,42.489,,0.237,,,,1.009,0.0,0.295,0.179,0.205,0.333,0.462,0.407,10.0,4.0
normalized_alphafold3_5kk5_b.pdb,25.075,0.9999993877454212,0.54,0.0,0.0,0.712,46.42,,0.222,,,,1.396,0.0,0.308,0.179,0.256,0.333,0.462,0.461,47.5,19.0
normalized_rnajp_5kk5_b.pdb,26.642,0.9999999947450796,0.421,0.0,,0.558,63.233,,0.206,,,,1.203,0.0,0.301,0.154,0.231,0.333,0.487,0.067,17.5,7.0
