,RMSD,P-VALUE,INF-ALL,INF-WC,INF-NWC,INF-STACK,DI,MCQ,TM-score,CAD,BARNABA-RMSD,BARNABA-eRMSD,BARNABA-eSCORE,CLASH,GDT-TS,GDT-TS@1,GDT-TS@2,GDT-TS@4,GDT-TS@8,lDDT,LCS-TA-COVERAGE-10,LCS-TA-RESIDUES-10
normalized_alphafold3_5m0h_a.pdb,1.825,0.0,0.962,0.966,0.816,0.973,1.896,18.53,0.796,0.926,0.162,0.402,1.124,0.0,0.946,0.833,0.976,0.976,1.0,0.878,64.286,27.0
normalized_rhofold_5m0h_a.pdb,2.292,2.220446049250313e-16,0.868,0.966,0.816,0.831,2.64,56.19,0.448,0.864,0.229,0.688,0.79,0.0,0.762,0.309,0.738,1.0,1.0,0.696,4.762,2.0
normalized_rnajp_5m0h_a.pdb,3.974,3.0742075551870585e-13,0.895,0.966,1.0,0.857,4.439,21.03,0.375,0.855,0.369,0.85,1.071,0.0,0.631,0.262,0.476,0.786,1.0,0.042,9.524,4.0
normalized_rnacomposer_5m0h_a.pdb,4.674,4.950706511408498e-12,0.881,0.966,0.667,0.864,5.308,19.51,0.475,0.855,0.483,0.914,0.842,0.0,0.702,0.524,0.619,0.691,0.976,0.739,52.381,22.0
normalized_alphafold3c_0.pdb,2.104,1.1102230246251563e-16,0.962,0.966,0.816,0.973,2.186,15.61,0.603,0.91,0.19,0.58,1.127,0.0,0.875,0.595,0.905,1.0,1.0,0.838,64.286,27.0
normalized_alphafold3c_1.pdb,2.285,2.220446049250313e-16,0.954,0.966,0.816,0.96,2.396,17.2,0.554,0.917,0.217,0.485,1.115,0.0,0.833,0.548,0.809,0.976,1.0,0.864,61.905,26.0
normalized_alphafold3c_2.pdb,2.331,2.7755575615628914e-16,0.945,0.966,0.816,0.947,2.466,15.78,0.576,0.904,0.207,0.586,1.131,0.0,0.851,0.571,0.857,0.976,1.0,0.864,66.667,28.0
normalized_alphafold3c_3.pdb,2.523,6.106226635438361e-16,0.933,0.966,0.816,0.93,2.703,16.35,0.601,0.914,0.219,0.58,1.111,0.0,0.851,0.548,0.881,0.976,1.0,0.858,66.667,28.0
normalized_alphafold3c_4.pdb,2.874,2.886579864025407e-15,0.927,0.966,0.667,0.932,3.102,16.74,0.6,0.895,0.271,0.689,1.124,0.0,0.809,0.571,0.691,0.976,1.0,0.846,64.286,27.0
