,RMSD,P-VALUE,INF-ALL,INF-WC,INF-NWC,INF-STACK,DI,MCQ,TM-score,CAD,BARNABA-RMSD,BARNABA-eRMSD,BARNABA-eSCORE,CLASH,GDT-TS,GDT-TS@1,GDT-TS@2,GDT-TS@4,GDT-TS@8,lDDT,LCS-TA-COVERAGE-10,LCS-TA-RESIDUES-10
normalized_rhofold_5voe_a.pdb,3.485,5.216987952749719e-11,0.753,0.886,0.0,0.747,4.631,48.29,0.24,0.809,0.372,1.056,0.885,0.0,0.625,0.222,0.444,0.833,1.0,0.393,2.778,1.0
normalized_rnacomposer_5voe_a.pdb,3.96,2.878499105740673e-10,0.692,0.909,0.0,0.654,5.719,22.11,0.296,0.76,0.367,1.337,0.908,0.0,0.625,0.222,0.417,0.861,1.0,0.409,11.111,4.0
normalized_alphafold3_5voe_a.pdb,5.017,1.0152959195597331e-08,0.775,0.957,,0.715,6.472,17.54,0.305,0.76,0.447,1.257,1.35,0.0,0.66,0.306,0.556,0.778,1.0,0.393,27.778,10.0
normalized_rnajp_5voe_a.pdb,5.281,2.3440381802242172e-08,0.75,0.87,,0.715,7.039,25.01,0.263,0.768,0.523,1.223,1.451,0.0,0.569,0.25,0.444,0.583,1.0,0.057,5.556,2.0
normalized_alphafold3c_2.pdb,2.123,2.6556534749033744e-13,0.84,1.0,,0.795,2.527,18.24,0.498,0.898,0.187,0.829,1.443,0.0,0.854,0.528,0.889,1.0,1.0,0.434,22.222,8.0
normalized_alphafold3c_0.pdb,2.185,3.420042027357795e-13,0.836,1.0,,0.786,2.616,21.44,0.535,0.897,0.199,0.817,1.436,0.0,0.854,0.556,0.861,1.0,1.0,0.437,5.556,2.0
normalized_alphafold3c_1.pdb,2.203,3.677613769070831e-13,0.825,1.0,,0.773,2.67,17.7,0.503,0.894,0.198,0.828,1.437,0.0,0.854,0.528,0.889,1.0,1.0,0.438,22.222,8.0
normalized_alphafold3c_3.pdb,2.219,3.9207526114637403e-13,0.836,1.0,,0.786,2.656,16.89,0.508,0.906,0.202,0.815,1.444,0.0,0.847,0.556,0.833,1.0,1.0,0.439,22.222,8.0
normalized_alphafold3c_4.pdb,2.274,4.906630657330879e-13,0.84,1.0,,0.795,2.707,17.35,0.463,0.893,0.209,0.823,1.435,0.0,0.826,0.472,0.833,1.0,1.0,0.437,27.778,10.0
