,RMSD,P-VALUE,INF-ALL,INF-WC,INF-NWC,INF-STACK,DI,MCQ,TM-score,CAD,BARNABA-RMSD,BARNABA-eRMSD,BARNABA-eSCORE,CLASH,GDT-TS,GDT-TS@1,GDT-TS@2,GDT-TS@4,GDT-TS@8,lDDT,LCS-TA-COVERAGE-10,LCS-TA-RESIDUES-10
normalized_rhofold_5wlh_b.pdb,8.531,7.007265709346733e-07,0.633,0.507,,0.698,13.47,,0.3,,,,0.555,0.0,0.327,0.167,0.191,0.309,0.643,0.541,,
normalized_alphafold3_5wlh_b.pdb,13.589,0.0219485619088349,0.639,0.539,,0.664,21.261,,0.261,,,,1.161,0.0,0.268,0.167,0.191,0.262,0.452,0.504,27.907,12.0
normalized_rnajp_5wlh_b.pdb,14.761,0.0862790857638159,0.557,0.632,,0.566,26.508,,0.197,,,,0.88,0.0,0.238,0.119,0.191,0.214,0.429,0.017,9.302,4.0
normalized_rnacomposer_5wlh_b.pdb,17.272,0.5124358531037458,0.581,0.632,,0.584,29.731,,0.148,,,,0.528,0.0,0.256,0.167,0.191,0.238,0.429,0.46,9.302,4.0
normalized_alphafold3c_3.pdb,0.9,0.0,0.951,1.0,,0.96,0.946,,0.838,,,,0.719,0.0,0.982,0.929,1.0,1.0,1.0,0.937,100.0,43.0
normalized_alphafold3c_2.pdb,1.669,0.0,0.967,1.0,,0.96,1.726,,0.768,,,,0.714,0.0,0.958,0.833,1.0,1.0,1.0,0.898,100.0,43.0
normalized_alphafold3c_0.pdb,1.801,0.0,0.936,1.0,,0.941,1.924,,0.724,,,,0.732,0.0,0.923,0.738,0.952,1.0,1.0,0.849,100.0,43.0
normalized_alphafold3c_1.pdb,2.09,0.0,0.951,1.0,,0.96,2.198,,0.788,,,,0.775,0.0,0.958,0.881,0.952,1.0,1.0,0.953,100.0,43.0
normalized_alphafold3c_4.pdb,2.19,5.551115123125783e-17,0.953,1.0,,0.962,2.297,,0.744,,,,0.784,0.0,0.946,0.809,0.976,1.0,1.0,0.87,100.0,43.0
