,RMSD,P-VALUE,INF-ALL,INF-WC,INF-NWC,INF-STACK,DI,MCQ,TM-score,CAD,BARNABA-RMSD,BARNABA-eRMSD,BARNABA-eSCORE,CLASH,GDT-TS,GDT-TS@1,GDT-TS@2,GDT-TS@4,GDT-TS@8,lDDT,LCS-TA-COVERAGE-10,LCS-TA-RESIDUES-10
normalized_rhofold_5xwy_b.pdb,11.561,6.938346856555366e-06,0.7,0.791,,0.678,16.519,66.11,0.295,,1.15,1.194,0.429,0.0,0.441,0.137,0.372,0.588,0.667,0.524,3.922,2.0
normalized_rnajp_5xwy_b.pdb,15.572,0.0171143819697572,0.557,0.632,,0.581,27.957,42.65,0.197,,1.589,1.644,0.634,0.0,0.265,0.098,0.235,0.294,0.431,0.004,9.804,5.0
normalized_rnacomposer_5xwy_b.pdb,17.399,0.1351170747256248,0.52,0.632,,0.495,33.485,36.96,0.156,,1.855,1.416,0.42,0.0,0.255,0.098,0.157,0.314,0.451,0.425,5.882,3.0
normalized_alphafold3_5xwy_b.pdb,20.174,0.6697928231941227,0.494,0.426,,0.527,40.836,32.58,0.204,,2.053,1.8,1.122,0.0,0.26,0.176,0.216,0.275,0.372,0.474,9.804,5.0
normalized_alphafold3c_4.pdb,10.768,8.491790602360716e-07,0.734,0.791,,0.728,14.666,23.16,0.502,0.778,1.089,1.037,0.777,0.0,0.662,0.392,0.608,0.784,0.863,0.703,27.451,14.0
normalized_alphafold3c_2.pdb,11.55,6.749444785680847e-06,0.734,0.722,,0.739,15.731,22.92,0.478,0.774,1.186,1.088,0.782,0.0,0.623,0.353,0.608,0.686,0.843,0.62,29.412,15.0
normalized_alphafold3c_3.pdb,12.154,2.954706292379594e-05,0.791,0.791,,0.794,15.374,25.41,0.459,0.763,1.258,1.12,0.738,0.0,0.569,0.314,0.529,0.667,0.765,0.698,25.49,13.0
normalized_alphafold3c_0.pdb,12.227,3.5027056581260485e-05,0.769,0.722,,0.781,15.889,23.23,0.466,0.775,1.259,1.106,0.756,0.0,0.583,0.333,0.549,0.667,0.784,0.604,29.412,15.0
normalized_alphafold3c_1.pdb,12.328,4.429976117575896e-05,0.718,0.791,,0.708,17.165,22.86,0.485,0.773,1.289,1.072,0.784,0.0,0.627,0.392,0.588,0.686,0.843,0.604,27.451,14.0
