,RMSD,P-VALUE,INF-ALL,INF-WC,INF-NWC,INF-STACK,DI,MCQ,TM-score,CAD,BARNABA-RMSD,BARNABA-eRMSD,BARNABA-eSCORE,CLASH,GDT-TS,GDT-TS@1,GDT-TS@2,GDT-TS@4,GDT-TS@8,lDDT,LCS-TA-COVERAGE-10,LCS-TA-RESIDUES-10
normalized_rhofold_5y7m_b.pdb,7.712,4.4551584643670594e-11,0.578,0.753,0.0,0.599,13.345,62.95,0.225,,0.784,1.316,0.464,0.0,0.382,0.118,0.275,0.431,0.706,0.542,1.961,1.0
normalized_rnacomposer_5y7m_b.pdb,8.392,5.08776742957906e-10,0.684,0.753,0.4,0.701,12.275,25.17,0.321,,0.884,1.401,0.567,0.0,0.436,0.176,0.333,0.51,0.726,0.606,13.725,7.0
normalized_rnajp_5y7m_b.pdb,8.811,2.130801479705013e-09,0.709,0.801,0.447,0.709,12.433,30.34,0.359,,0.937,1.384,0.701,0.0,0.471,0.235,0.431,0.529,0.686,0.001,7.843,4.0
normalized_alphafold3_5y7m_b.pdb,13.582,0.0006340759260432,0.744,0.889,0.224,0.753,18.255,17.91,0.285,,1.415,1.347,0.953,0.0,0.378,0.255,0.333,0.392,0.529,0.619,33.333,17.0
normalized_alphafold3c_4.pdb,3.707,0.0,0.864,0.964,0.671,0.854,4.289,12.37,0.567,0.919,0.355,0.755,0.961,0.0,0.745,0.549,0.647,0.784,1.0,0.829,76.471,39.0
normalized_alphafold3c_1.pdb,3.762,0.0,0.887,0.923,0.671,0.9,4.24,12.22,0.564,0.924,0.362,0.747,0.952,0.0,0.721,0.49,0.647,0.745,1.0,0.829,76.471,39.0
normalized_alphafold3c_3.pdb,3.878,0.0,0.857,0.964,0.548,0.864,4.524,12.17,0.593,0.923,0.386,0.744,0.96,0.0,0.726,0.529,0.627,0.765,0.98,0.838,76.471,39.0
normalized_alphafold3c_2.pdb,3.936,0.0,0.889,0.923,0.548,0.925,4.427,10.07,0.527,0.922,0.372,0.737,0.965,0.0,0.721,0.49,0.627,0.765,1.0,0.83,82.353,42.0
normalized_alphafold3c_0.pdb,4.388,5.551115123125783e-17,0.872,0.964,0.671,0.864,5.033,11.09,0.574,0.925,0.445,0.747,0.995,0.0,0.691,0.49,0.608,0.726,0.941,0.84,80.392,41.0
