,RMSD,P-VALUE,INF-ALL,INF-WC,INF-NWC,INF-STACK,DI,MCQ,TM-score,CAD,BARNABA-RMSD,BARNABA-eRMSD,BARNABA-eSCORE,CLASH,GDT-TS,GDT-TS@1,GDT-TS@2,GDT-TS@4,GDT-TS@8,lDDT,LCS-TA-COVERAGE-10,LCS-TA-RESIDUES-10
normalized_alphafold3_6aay_b.pdb,16.512,0.0411152243198796,0.629,0.778,0.0,0.597,26.265,24.09,0.177,,1.682,1.375,1.57,0.0,0.173,0.115,0.173,0.173,0.231,0.617,3.846,2.0
normalized_rnacomposer_6aay_b.pdb,17.926,0.1705138089956053,0.603,0.806,0.0,0.55,29.727,31.17,0.266,,1.801,1.412,1.019,0.0,0.192,0.135,0.173,0.192,0.269,0.565,1.923,1.0
normalized_rnajp_6aay_b.pdb,20.185,0.618923176988285,0.696,0.909,,0.645,28.993,29.15,0.254,,2.062,1.306,1.145,0.0,0.164,0.096,0.154,0.173,0.231,0.016,,
normalized_rhofold_6aay_b.pdb,23.628,0.9866422940148276,0.259,0.0,0.0,0.363,91.053,63.2,0.132,,2.427,2.311,0.378,0.0,0.173,0.096,0.135,0.154,0.308,0.259,,
normalized_alphafold3c_1.pdb,3.815,0.0,0.814,0.953,0.577,0.791,4.686,22.75,0.575,0.855,0.352,0.932,1.066,0.0,0.745,0.404,0.712,0.923,0.942,0.773,5.769,3.0
normalized_alphafold3c_0.pdb,3.816,0.0,0.827,0.909,0.447,0.841,4.615,18.81,0.574,0.856,0.362,0.88,1.127,0.0,0.74,0.346,0.769,0.904,0.942,0.779,5.769,3.0
normalized_alphafold3c_2.pdb,3.952,0.0,0.867,0.953,1.0,0.836,4.56,20.4,0.587,0.855,0.364,0.867,1.042,0.0,0.76,0.404,0.75,0.942,0.942,0.699,5.769,3.0
normalized_alphafold3c_3.pdb,4.244,0.0,0.835,0.953,0.577,0.818,5.082,20.78,0.555,0.85,0.396,0.897,1.005,0.0,0.74,0.346,0.731,0.942,0.942,0.765,5.769,3.0
normalized_alphafold3c_4.pdb,4.366,0.0,0.852,0.953,0.707,0.83,5.126,21.72,0.635,0.839,0.369,0.855,1.11,0.0,0.788,0.5,0.769,0.942,0.942,0.715,5.769,3.0
