,RMSD,P-VALUE,INF-ALL,INF-WC,INF-NWC,INF-STACK,DI,MCQ,TM-score,CAD,BARNABA-RMSD,BARNABA-eRMSD,BARNABA-eSCORE,CLASH,GDT-TS,GDT-TS@1,GDT-TS@2,GDT-TS@4,GDT-TS@8,lDDT,LCS-TA-COVERAGE-10,LCS-TA-RESIDUES-10
normalized_rhofold_6e82_a.pdb,2.635,2.065680959617567e-12,0.611,0.913,0.405,0.626,4.312,59.59,0.333,0.765,0.226,1.516,0.29,0.0,0.736,0.278,0.667,1.0,1.0,0.601,,
normalized_rnacomposer_6e82_a.pdb,11.873,0.0358694395923997,0.527,0.615,0.0,0.577,22.527,33.76,0.199,0.527,1.28,2.108,0.432,0.0,0.368,0.25,0.306,0.389,0.528,0.374,8.333,3.0
normalized_rnajp_6e82_a.pdb,12.12,0.0481035745900524,0.553,0.566,,0.611,21.925,36.5,0.217,0.499,1.321,2.068,0.538,0.0,0.312,0.222,0.278,0.333,0.417,0.036,5.556,2.0
normalized_alphafold3_6e82_a.pdb,13.345,0.1627916988296053,0.541,0.566,0.0,0.601,24.684,34.28,0.256,0.534,1.455,2.081,0.542,0.0,0.347,0.222,0.333,0.389,0.444,0.371,11.111,4.0
normalized_alphafold3c_3.pdb,12.648,0.0853151577526208,0.553,0.566,0.0,0.617,22.859,32.98,0.263,0.546,1.387,2.031,0.549,0.0,0.382,0.222,0.361,0.417,0.528,0.388,11.111,4.0
normalized_alphafold3c_4.pdb,12.65,0.0855452688868518,0.583,0.566,,0.652,21.682,34.39,0.196,0.567,1.396,2.056,0.536,0.0,0.326,0.194,0.306,0.389,0.417,0.39,11.111,4.0
normalized_alphafold3c_2.pdb,12.963,0.1160411846648254,0.559,0.566,0.0,0.627,23.183,32.52,0.257,0.543,1.431,2.041,0.543,0.0,0.354,0.25,0.333,0.389,0.444,0.367,11.111,4.0
normalized_alphafold3c_0.pdb,13.018,0.1220868874594537,0.535,0.566,0.0,0.592,24.34,33.64,0.243,0.54,1.428,2.043,0.531,0.0,0.361,0.25,0.333,0.389,0.472,0.344,11.111,4.0
normalized_alphafold3c_1.pdb,14.269,0.3194482040861852,0.565,0.566,0.0,0.636,25.247,34.96,0.235,0.544,1.555,2.061,0.543,0.0,0.319,0.222,0.278,0.361,0.417,0.38,8.333,3.0
