,RMSD,P-VALUE,INF-ALL,INF-WC,INF-NWC,INF-STACK,DI,MCQ,TM-score,CAD,BARNABA-RMSD,BARNABA-eRMSD,BARNABA-eSCORE,CLASH,GDT-TS,GDT-TS@1,GDT-TS@2,GDT-TS@4,GDT-TS@8,lDDT,LCS-TA-COVERAGE-10,LCS-TA-RESIDUES-10
normalized_rhofold_6e9e_b.pdb,14.995,0.0073860200184782,0.395,0.0,0.0,0.493,37.975,57.13,0.319,,1.513,1.619,0.435,0.0,0.392,0.137,0.275,0.471,0.686,0.502,1.961,1.0
normalized_rnajp_6e9e_b.pdb,15.181,0.0097771834206107,0.361,0.0,0.0,0.451,42.075,27.89,0.243,,1.543,1.848,0.892,0.0,0.343,0.157,0.255,0.392,0.569,0.023,,
normalized_alphafold3_6e9e_b.pdb,21.298,0.8561976773341732,0.411,0.0,0.0,0.519,51.82,24.14,0.296,,2.187,1.991,0.857,0.0,0.338,0.176,0.255,0.431,0.49,0.524,17.647,9.0
normalized_rnacomposer_6e9e_b.pdb,22.49,0.9578226158263176,0.372,0.0,0.0,0.485,60.459,26.56,0.267,,2.276,1.825,0.611,0.0,0.309,0.157,0.235,0.372,0.471,0.47,13.725,7.0
normalized_alphafold3c_4.pdb,2.77,0.0,0.66,0.408,,0.716,4.2,12.95,0.673,0.902,0.244,1.014,0.563,0.0,0.819,0.608,0.765,0.902,1.0,0.816,68.627,35.0
normalized_alphafold3c_1.pdb,3.398,0.0,0.694,0.408,,0.754,4.897,13.93,0.655,0.908,0.277,1.008,0.573,0.0,0.809,0.588,0.745,0.902,1.0,0.812,64.706,33.0
normalized_alphafold3c_0.pdb,3.516,0.0,0.652,0.408,0.0,0.716,5.394,15.68,0.633,0.905,0.346,1.043,0.561,0.0,0.73,0.51,0.608,0.824,0.98,0.775,52.941,27.0
normalized_alphafold3c_3.pdb,4.371,5.551115123125783e-17,0.66,0.408,0.0,0.727,6.627,15.23,0.59,0.89,0.414,1.032,0.556,0.0,0.706,0.51,0.608,0.784,0.922,0.793,52.941,27.0
normalized_alphafold3c_2.pdb,4.428,5.551115123125783e-17,0.634,0.408,0.0,0.697,6.982,14.79,0.597,0.893,0.434,1.048,0.619,0.0,0.711,0.51,0.627,0.784,0.922,0.793,52.941,27.0
