,RMSD,P-VALUE,INF-ALL,INF-WC,INF-NWC,INF-STACK,DI,MCQ,TM-score,CAD,BARNABA-RMSD,BARNABA-eRMSD,BARNABA-eSCORE,CLASH,GDT-TS,GDT-TS@1,GDT-TS@2,GDT-TS@4,GDT-TS@8,lDDT,LCS-TA-COVERAGE-10,LCS-TA-RESIDUES-10
normalized_rhofold_6ifr_j.pdb,6.449,1.771315754350855e-06,0.607,,,0.607,10.628,60.51,0.157,,0.623,0.898,0.259,0.0,0.357,0.114,0.229,0.4,0.686,0.556,2.857,1.0
normalized_rnajp_6ifr_j.pdb,31.521,1.0,0.725,,,0.783,43.462,35.16,0.135,,3.269,1.365,0.534,0.0,0.221,0.143,0.2,0.229,0.314,0.001,5.714,2.0
normalized_alphafold3_6ifr_j.pdb,39.249,1.0,0.561,,,0.669,69.988,29.4,0.113,,3.951,1.597,0.811,0.0,0.229,0.171,0.171,0.229,0.343,0.646,14.286,5.0
normalized_rnacomposer_6ifr_j.pdb,41.046,1.0,0.469,,,0.553,87.509,32.2,0.123,,4.144,1.58,0.451,0.0,0.229,0.143,0.171,0.257,0.343,0.562,2.857,1.0
normalized_alphafold3c_2.pdb,10.662,0.0108327836398473,0.864,,,0.864,12.345,23.33,0.365,0.875,1.1,0.533,0.882,0.0,0.586,0.4,0.486,0.657,0.8,0.766,,
normalized_alphafold3c_0.pdb,11.13,0.0208871262147265,0.87,,,0.87,12.788,22.02,0.392,0.88,1.153,0.536,0.88,0.0,0.564,0.429,0.486,0.571,0.771,0.776,,
normalized_alphafold3c_4.pdb,11.442,0.0312600497471269,0.87,,,0.87,13.146,22.2,0.415,0.859,1.178,0.591,0.887,0.0,0.586,0.457,0.486,0.629,0.771,0.743,,
normalized_alphafold3c_1.pdb,11.495,0.0334069802453768,0.87,,,0.87,13.207,22.69,0.422,0.858,1.164,0.645,0.891,0.0,0.586,0.457,0.486,0.629,0.771,0.735,,
normalized_alphafold3c_3.pdb,11.969,0.0582379303906451,0.845,,,0.845,14.17,22.79,0.374,0.874,1.226,0.536,0.864,0.0,0.557,0.429,0.486,0.571,0.743,0.763,,
