,RMSD,P-VALUE,INF-ALL,INF-WC,INF-NWC,INF-STACK,DI,MCQ,TM-score,CAD,BARNABA-RMSD,BARNABA-eRMSD,BARNABA-eSCORE,CLASH,GDT-TS,GDT-TS@1,GDT-TS@2,GDT-TS@4,GDT-TS@8,lDDT,LCS-TA-COVERAGE-10,LCS-TA-RESIDUES-10
normalized_rhofold_6ifu_i.pdb,4.025,3.2632881397098844e-09,0.546,,,0.589,7.378,76.51,0.276,,0.394,0.827,0.126,0.0,0.647,0.294,0.529,0.794,0.971,0.629,,
normalized_rnacomposer_6ifu_i.pdb,27.665,0.9999999999998856,0.289,,,0.34,95.835,37.83,0.133,,2.716,1.573,0.393,0.0,0.213,0.118,0.206,0.235,0.294,0.515,5.882,2.0
normalized_rnajp_6ifu_i.pdb,28.165,0.999999999999986,0.429,,,0.516,65.676,39.67,0.145,,2.768,1.563,0.306,0.0,0.257,0.147,0.176,0.235,0.471,0.0,,
normalized_alphafold3_6ifu_i.pdb,38.776,1.0,0.462,,,0.546,83.885,28.39,0.144,,3.855,1.67,0.731,0.0,0.243,0.147,0.206,0.265,0.353,0.606,8.824,3.0
normalized_alphafold3c_3.pdb,10.807,0.0209214367183025,0.739,,,0.739,14.632,15.96,0.424,0.858,1.112,0.531,0.829,0.0,0.596,0.5,0.529,0.618,0.735,0.812,58.824,20.0
normalized_alphafold3c_4.pdb,11.235,0.036168218881196,0.756,,,0.756,14.863,17.67,0.423,0.865,1.132,0.52,0.82,0.0,0.596,0.471,0.529,0.618,0.765,0.815,50.0,17.0
normalized_alphafold3c_1.pdb,11.651,0.0586990777705898,0.756,,,0.756,15.413,16.18,0.443,0.862,1.185,0.528,0.84,0.0,0.603,0.5,0.529,0.618,0.765,0.813,58.824,20.0
normalized_alphafold3c_0.pdb,11.871,0.0744036698296392,0.739,,,0.739,16.073,16.27,0.431,0.863,1.214,0.522,0.809,0.0,0.596,0.471,0.529,0.618,0.765,0.819,58.824,20.0
normalized_alphafold3c_2.pdb,11.947,0.080493985657124,0.739,,,0.739,16.176,16.94,0.425,0.865,1.214,0.52,0.759,0.0,0.588,0.471,0.529,0.588,0.765,0.823,55.882,19.0
