,RMSD,P-VALUE,INF-ALL,INF-WC,INF-NWC,INF-STACK,DI,MCQ,TM-score,CAD,BARNABA-RMSD,BARNABA-eRMSD,BARNABA-eSCORE,CLASH,GDT-TS,GDT-TS@1,GDT-TS@2,GDT-TS@4,GDT-TS@8,lDDT,LCS-TA-COVERAGE-10,LCS-TA-RESIDUES-10
normalized_rhofold_6iv8_d.pdb,5.887,3.608224830031759e-15,0.73,1.0,,0.679,8.066,55.5,0.359,,0.557,0.925,0.738,0.0,0.552,0.189,0.415,0.698,0.906,0.608,1.887,1.0
normalized_rnacomposer_6iv8_d.pdb,14.298,0.000939171875387,0.689,0.889,,0.641,20.746,28.81,0.267,,1.537,1.153,0.8,0.0,0.368,0.17,0.34,0.415,0.547,0.517,7.547,4.0
normalized_rnajp_6iv8_d.pdb,16.291,0.0226831999873481,0.648,0.74,,0.631,25.138,32.72,0.271,,1.665,1.512,1.265,0.0,0.354,0.189,0.302,0.415,0.509,0.016,5.66,3.0
normalized_alphafold3_6iv8_d.pdb,16.723,0.0390961445440272,0.646,0.647,,0.648,25.897,24.74,0.321,,1.68,1.589,1.772,0.0,0.401,0.302,0.321,0.415,0.566,0.589,11.321,6.0
normalized_alphafold3c_1.pdb,2.884,0.0,0.88,1.0,,0.85,3.279,15.31,0.689,0.9,0.26,0.656,1.112,0.0,0.83,0.623,0.811,0.887,1.0,0.842,67.925,36.0
normalized_alphafold3c_3.pdb,2.939,0.0,0.883,0.949,,0.866,3.329,15.43,0.672,0.911,0.285,0.596,1.102,0.0,0.816,0.547,0.792,0.924,1.0,0.84,67.925,36.0
normalized_alphafold3c_0.pdb,3.031,0.0,0.886,0.943,,0.873,3.42,15.26,0.658,0.903,0.291,0.596,0.895,0.0,0.811,0.509,0.811,0.924,1.0,0.832,69.811,37.0
normalized_alphafold3c_4.pdb,3.226,0.0,0.876,1.0,,0.845,3.681,14.4,0.703,0.912,0.295,0.603,1.091,0.0,0.826,0.585,0.849,0.906,0.962,0.844,71.698,38.0
normalized_alphafold3c_2.pdb,4.062,0.0,0.902,1.0,,0.877,4.505,16.28,0.535,0.897,0.401,0.632,1.177,0.0,0.708,0.434,0.604,0.792,1.0,0.817,64.151,34.0
