,RMSD,P-VALUE,INF-ALL,INF-WC,INF-NWC,INF-STACK,DI,MCQ,TM-score,CAD,BARNABA-RMSD,BARNABA-eRMSD,BARNABA-eSCORE,CLASH,GDT-TS,GDT-TS@1,GDT-TS@2,GDT-TS@4,GDT-TS@8,lDDT,LCS-TA-COVERAGE-10,LCS-TA-RESIDUES-10
normalized_rhofold_6j6q_b.pdb,24.6,0.980597732971321,0.327,0.0,,0.4,75.303,84.5,0.101,,2.503,1.694,0.33,0.0,0.0,0.0,0.0,0.0,0.0,0.425,,
normalized_rnacomposer_6j6q_b.pdb,27.37,0.9998439045788706,0.243,0.0,,0.306,112.484,45.73,0.127,,2.784,1.784,0.517,0.0,0.0,0.0,0.0,0.0,0.0,0.457,3.509,2.0
normalized_alphafold3_6j6q_b.pdb,28.001,0.999961883798092,0.409,0.0,,0.498,68.411,36.41,0.122,,2.826,1.836,1.073,0.0,0.0,0.0,0.0,0.0,0.0,0.54,7.018,4.0
normalized_rnajp_6j6q_b.pdb,28.128,0.999971655081942,0.424,0.0,,0.503,66.386,41.49,0.117,,2.832,1.709,0.8,0.0,0.0,0.0,0.0,0.0,0.0,0.018,3.509,2.0
