,RMSD,P-VALUE,INF-ALL,INF-WC,INF-NWC,INF-STACK,DI,MCQ,TM-score,CAD,BARNABA-RMSD,BARNABA-eRMSD,BARNABA-eSCORE,CLASH,GDT-TS,GDT-TS@1,GDT-TS@2,GDT-TS@4,GDT-TS@8,lDDT,LCS-TA-COVERAGE-10,LCS-TA-RESIDUES-10
normalized_rhofold_6lsh_b.pdb,2.75,0.2892442989193347,0.802,,,0.802,3.43,54.41,0.283,,0.207,0.587,0.849,0.0,0.0,0.0,0.0,0.0,0.0,0.746,,
normalized_rnacomposer_6lsh_b.pdb,6.834,0.9566404988578284,0.204,,,0.204,33.479,39.76,0.047,,0.68,1.481,0.214,0.0,0.0,0.0,0.0,0.0,0.0,0.41,20.0,2.0
normalized_alphafold3_6lsh_b.pdb,8.342,0.9946229799061936,0.589,,,0.722,14.156,30.59,0.292,,0.817,1.503,0.517,0.0,0.0,0.0,0.0,0.0,0.0,0.687,10.0,1.0
normalized_rnajp_6lsh_b.pdb,,,0.474,,,0.53,,,0.145,,,,0.095,0.0,0.575,0.3,0.4,0.6,1.0,0.0,20.0,2.0
normalized_alphafold3c_3.pdb,10.363,0.9998805191117924,0.535,,,0.632,19.388,17.33,0.315,0.233,1.057,1.406,2.074,0.0,0.3,0.3,0.3,0.3,0.3,0.447,,
normalized_alphafold3c_4.pdb,10.407,0.999891444711376,0.535,,,0.632,19.47,17.3,0.29,0.233,1.06,1.406,1.905,0.0,0.3,0.3,0.3,0.3,0.3,0.443,,
normalized_alphafold3c_0.pdb,10.459,0.9999030250259996,0.535,,,0.632,19.566,16.99,0.331,0.233,1.067,1.414,2.27,0.0,0.3,0.3,0.3,0.3,0.3,0.453,,
normalized_alphafold3c_1.pdb,10.488,0.999909032484865,0.535,,,0.632,19.621,17.35,0.249,0.233,1.07,1.41,2.152,0.0,0.3,0.3,0.3,0.3,0.3,0.449,,
normalized_alphafold3c_2.pdb,10.62,0.999932249224722,0.535,,,0.632,19.868,17.55,0.31,0.233,1.086,1.413,2.329,0.0,0.3,0.3,0.3,0.3,0.3,0.456,,
