,RMSD,P-VALUE,INF-ALL,INF-WC,INF-NWC,INF-STACK,DI,MCQ,TM-score,CAD,BARNABA-RMSD,BARNABA-eRMSD,BARNABA-eSCORE,CLASH,GDT-TS,GDT-TS@1,GDT-TS@2,GDT-TS@4,GDT-TS@8,lDDT,LCS-TA-COVERAGE-10,LCS-TA-RESIDUES-10
normalized_rhofold_6ltp_b.pdb,8.376,1.0088270277486266e-06,0.44,0.816,,0.302,19.019,68.41,0.318,,0.822,1.144,0.228,0.0,0.214,0.119,0.143,0.238,0.357,0.594,,
normalized_rnajp_6ltp_b.pdb,23.428,0.9998473987337138,0.461,0.722,,0.404,50.868,35.59,0.141,,2.386,1.532,0.735,0.0,0.196,0.095,0.143,0.214,0.333,0.004,4.762,2.0
normalized_rnacomposer_6ltp_b.pdb,23.469,0.9998600612104652,0.545,0.772,,0.469,43.066,37.59,0.135,,2.355,1.489,0.53,0.0,0.238,0.119,0.214,0.238,0.381,0.569,4.762,2.0
normalized_alphafold3_6ltp_b.pdb,24.208,0.999973753128498,0.452,0.68,,0.395,53.527,33.41,0.162,,2.462,1.624,1.14,0.0,0.202,0.119,0.167,0.214,0.309,0.564,11.905,5.0
normalized_alphafold3c_3.pdb,12.867,0.0120227302583098,0.8,1.0,,0.728,16.08,25.09,0.529,0.813,1.335,0.83,0.644,0.0,0.613,0.548,0.595,0.643,0.667,0.811,61.905,26.0
normalized_alphafold3c_1.pdb,13.087,0.0164192175888858,0.818,1.0,,0.75,15.996,24.52,0.544,0.81,1.37,0.713,0.651,0.0,0.625,0.571,0.619,0.643,0.667,0.763,61.905,26.0
normalized_alphafold3c_4.pdb,13.103,0.0167797920923705,0.8,1.0,,0.75,16.375,25.6,0.52,0.795,1.377,0.754,0.631,0.0,0.613,0.524,0.619,0.643,0.667,0.798,64.286,27.0
normalized_alphafold3c_2.pdb,13.128,0.0173571511801411,0.8,1.0,,0.728,16.406,22.59,0.538,0.811,1.374,0.72,0.635,0.0,0.619,0.548,0.619,0.643,0.667,0.814,64.286,27.0
normalized_alphafold3c_0.pdb,13.781,0.0401481256304303,0.818,1.0,,0.75,16.843,23.6,0.544,0.818,1.457,0.768,0.637,0.0,0.619,0.548,0.619,0.643,0.667,0.819,61.905,26.0
