,RMSD,P-VALUE,INF-ALL,INF-WC,INF-NWC,INF-STACK,DI,MCQ,TM-score,CAD,BARNABA-RMSD,BARNABA-eRMSD,BARNABA-eSCORE,CLASH,GDT-TS,GDT-TS@1,GDT-TS@2,GDT-TS@4,GDT-TS@8,lDDT,LCS-TA-COVERAGE-10,LCS-TA-RESIDUES-10
normalized_rhofold_6o1o_m.pdb,16.638,0.8014142959017657,0.414,,,0.414,40.185,70.8,0.136,,1.74,1.051,0.417,0.0,0.188,0.139,0.194,0.194,0.222,0.565,,
normalized_rnacomposer_6o1o_m.pdb,31.409,1.0,0.27,,,0.338,116.469,45.99,0.157,,3.125,1.622,0.267,0.0,0.271,0.139,0.194,0.278,0.472,0.486,5.556,2.0
normalized_alphafold3_6o1o_m.pdb,37.886,1.0,0.439,,,0.488,86.271,36.32,0.151,,3.756,1.707,0.501,0.0,0.194,0.167,0.194,0.194,0.222,0.541,8.333,3.0
normalized_rnajp_6o1o_m.pdb,38.479,1.0,0.176,,,0.218,218.425,48.88,0.156,,3.794,1.807,0.364,0.0,0.194,0.139,0.194,0.194,0.25,0.0,2.778,1.0
normalized_alphafold3c_3.pdb,6.871,2.3286303858505164e-06,0.674,,,0.674,10.191,37.57,0.175,0.766,0.68,0.871,0.417,0.0,0.472,0.194,0.306,0.556,0.833,0.551,,
normalized_alphafold3c_4.pdb,8.864,0.0002579946112628,0.609,,,0.609,14.565,37.46,0.131,0.702,0.918,0.918,0.528,0.0,0.375,0.167,0.25,0.417,0.667,0.585,,
normalized_alphafold3c_2.pdb,9.954,0.0020751838714062,0.516,,,0.516,19.276,36.21,0.164,0.737,1.03,0.945,0.463,0.0,0.34,0.167,0.222,0.389,0.583,0.614,,
normalized_alphafold3c_0.pdb,11.597,0.025366911697127,0.636,,,0.636,18.223,31.65,0.164,0.771,1.204,0.863,0.567,0.0,0.403,0.25,0.278,0.444,0.639,0.642,,
normalized_alphafold3c_1.pdb,11.896,0.0368992943850848,0.539,,,0.539,22.056,35.84,0.126,0.688,1.217,0.951,0.694,0.0,0.271,0.139,0.194,0.278,0.472,0.562,,
