,RMSD,P-VALUE,INF-ALL,INF-WC,INF-NWC,INF-STACK,DI,MCQ,TM-score,CAD,BARNABA-RMSD,BARNABA-eRMSD,BARNABA-eSCORE,CLASH,GDT-TS,GDT-TS@1,GDT-TS@2,GDT-TS@4,GDT-TS@8,lDDT,LCS-TA-COVERAGE-10,LCS-TA-RESIDUES-10
normalized_rhofold_6o1o_n.pdb,11.918,0.2537106600704327,0.471,,,0.471,25.31,65.13,0.135,,1.289,0.963,0.199,0.0,0.25,0.2,0.233,0.267,0.3,0.604,3.333,1.0
normalized_rnacomposer_6o1o_n.pdb,35.7,1.0,0.361,,,0.471,99.024,42.93,0.129,,3.563,1.756,0.361,0.0,0.233,0.167,0.2,0.267,0.3,0.607,3.333,1.0
normalized_rnajp_6o1o_n.pdb,36.467,1.0,0.361,,,0.458,101.151,40.96,0.121,,3.644,1.772,0.314,0.0,0.25,0.2,0.233,0.267,0.3,0.01,3.333,1.0
normalized_alphafold3_6o1o_n.pdb,36.914,1.0,0.45,,,0.555,82.046,37.08,0.138,,3.684,1.8,0.445,0.0,0.225,0.167,0.2,0.233,0.3,0.62,6.667,2.0
normalized_alphafold3c_1.pdb,8.41,0.0045056576911067,0.654,,,0.654,12.864,32.76,0.215,0.873,0.839,0.611,0.372,0.0,0.6,0.3,0.4,0.8,0.9,0.722,,
normalized_alphafold3c_4.pdb,9.009,0.0113460744957401,0.716,,,0.716,12.581,35.25,0.253,0.82,0.928,0.666,0.461,0.0,0.642,0.367,0.6,0.767,0.833,0.74,,
normalized_alphafold3c_2.pdb,9.308,0.0173245104243946,0.682,,,0.682,13.645,34.59,0.203,0.837,0.927,0.698,0.401,0.0,0.592,0.3,0.433,0.7,0.933,0.71,,
normalized_alphafold3c_3.pdb,10.07,0.045582819339437,0.538,,,0.538,18.701,38.19,0.158,0.821,1.005,0.738,0.376,0.0,0.45,0.167,0.3,0.533,0.8,0.621,,
normalized_alphafold3c_0.pdb,29.849,1.0,0.585,,,0.585,50.991,35.73,0.124,0.814,3.028,0.787,0.436,0.0,0.275,0.167,0.2,0.3,0.433,0.592,,
