,RMSD,P-VALUE,INF-ALL,INF-WC,INF-NWC,INF-STACK,DI,MCQ,TM-score,CAD,BARNABA-RMSD,BARNABA-eRMSD,BARNABA-eSCORE,CLASH,GDT-TS,GDT-TS@1,GDT-TS@2,GDT-TS@4,GDT-TS@8,lDDT,LCS-TA-COVERAGE-10,LCS-TA-RESIDUES-10
normalized_rhofold_6sy4_c.pdb,3.943,8.820782992913223e-11,0.673,0.943,0.567,0.609,5.86,,0.251,,,,0.418,0.0,0.181,0.111,0.139,0.194,0.278,0.578,,
normalized_rnacomposer_6sy4_c.pdb,14.093,0.2291182503117308,0.498,0.738,0.0,0.495,28.274,,0.229,,,,0.414,0.0,0.222,0.139,0.194,0.25,0.306,0.434,,
normalized_alphafold3_6sy4_c.pdb,14.667,0.336192575495275,0.652,0.889,0.0,0.669,22.49,,0.279,,,,0.698,0.0,0.201,0.111,0.167,0.222,0.306,0.514,18.919,7.0
normalized_rnajp_6sy4_c.pdb,14.986,0.4029494556091321,0.55,0.778,0.0,0.552,27.241,,0.171,,,,0.509,0.0,0.201,0.111,0.167,0.222,0.306,0.0,5.405,2.0
normalized_alphafold3c_0.pdb,1.392,3.164135620181696e-15,0.886,0.825,0.845,0.914,1.571,,0.644,,,,0.622,0.0,0.91,0.806,0.944,0.944,0.944,0.891,16.216,6.0
normalized_alphafold3c_4.pdb,1.454,4.163336342344337e-15,0.877,0.889,0.845,0.881,1.659,,0.547,,,,0.602,0.0,0.875,0.667,0.944,0.944,0.944,0.868,16.216,6.0
normalized_alphafold3c_1.pdb,1.454,4.107825191113079e-15,0.839,0.889,0.756,0.843,1.732,,0.555,,,,0.603,0.0,0.861,0.611,0.944,0.944,0.944,0.863,16.216,6.0
normalized_alphafold3c_2.pdb,1.702,1.2156942119645464e-14,0.839,0.825,0.772,0.859,2.028,,0.48,,,,0.609,0.0,0.812,0.5,0.861,0.944,0.944,0.859,18.919,7.0
normalized_alphafold3c_3.pdb,1.782,1.709743457922741e-14,0.826,0.825,0.507,0.895,2.156,,0.495,,,,0.585,0.0,0.812,0.528,0.833,0.944,0.944,0.825,16.216,6.0
