,RMSD,P-VALUE,INF-ALL,INF-WC,INF-NWC,INF-STACK,DI,MCQ,TM-score,CAD,BARNABA-RMSD,BARNABA-eRMSD,BARNABA-eSCORE,CLASH,GDT-TS,GDT-TS@1,GDT-TS@2,GDT-TS@4,GDT-TS@8,lDDT,LCS-TA-COVERAGE-10,LCS-TA-RESIDUES-10
normalized_alphafold3_6vuh_a.pdb,1.815,3.772482326525051e-12,0.831,0.875,0.707,0.873,2.183,8.88,0.578,0.877,0.169,0.638,0.63,0.0,0.909,0.727,0.909,1.0,1.0,0.834,100.0,33.0
normalized_rhofold_6vuh_a.pdb,2.424,3.7994440926780726e-11,0.677,0.875,0.527,0.669,3.583,58.97,0.431,0.766,0.225,1.3,0.334,0.0,0.826,0.455,0.909,0.939,1.0,0.633,3.03,1.0
normalized_rnacomposer_6vuh_a.pdb,5.459,7.09873857751564e-07,0.634,0.791,0.224,0.709,8.606,20.72,0.427,0.659,0.494,1.536,0.381,0.0,0.689,0.485,0.576,0.758,0.939,0.566,33.333,11.0
normalized_rnajp_6vuh_a.pdb,20.159,0.9995875020513184,0.474,0.791,0.0,0.514,42.541,29.12,0.204,0.478,2.062,1.858,0.473,0.0,0.424,0.242,0.303,0.515,0.636,0.009,9.091,3.0
normalized_alphafold3c_0.pdb,1.133,2.4974466938942896e-13,0.839,1.0,0.548,0.891,1.351,9.74,0.651,0.904,0.108,0.443,0.642,0.0,0.962,0.849,1.0,1.0,1.0,0.87,96.97,32.0
normalized_alphafold3c_1.pdb,1.383,6.856737400084967e-13,0.842,0.943,0.632,0.891,1.642,10.71,0.662,0.883,0.134,0.456,0.64,0.0,0.939,0.818,0.939,1.0,1.0,0.853,84.848,28.0
normalized_alphafold3c_3.pdb,1.79,3.424205363700139e-12,0.821,0.935,0.717,0.829,2.181,9.49,0.555,0.845,0.168,0.749,0.618,0.0,0.909,0.758,0.879,1.0,1.0,0.806,100.0,33.0
normalized_alphafold3c_4.pdb,1.853,4.378220008760536e-12,0.801,1.0,0.474,0.846,2.315,9.69,0.587,0.861,0.174,0.702,0.622,0.0,0.886,0.667,0.879,1.0,1.0,0.751,100.0,33.0
normalized_alphafold3c_2.pdb,1.906,5.372036149253745e-12,0.763,0.935,0.424,0.829,2.497,9.82,0.554,0.846,0.181,0.741,0.618,0.0,0.901,0.727,0.879,1.0,1.0,0.803,96.97,32.0
