,RMSD,P-VALUE,INF-ALL,INF-WC,INF-NWC,INF-STACK,DI,MCQ,TM-score,CAD,BARNABA-RMSD,BARNABA-eRMSD,BARNABA-eSCORE,CLASH,GDT-TS,GDT-TS@1,GDT-TS@2,GDT-TS@4,GDT-TS@8,lDDT,LCS-TA-COVERAGE-10,LCS-TA-RESIDUES-10
normalized_rnajp_6wpi_b.pdb,7.201,1.906950339303215e-07,0.833,0.961,1.0,0.771,8.648,,0.415,,,,1.25,0.0,0.224,0.128,0.179,0.256,0.333,0.078,,
normalized_alphafold3_6wpi_b.pdb,8.653,9.696276355719569e-06,0.856,0.846,1.0,0.854,10.109,,0.59,,,,1.411,0.0,0.231,0.128,0.179,0.256,0.359,0.844,,
normalized_rnacomposer_6wpi_b.pdb,9.436,6.242781550636067e-05,0.786,0.769,0.707,0.8,12.01,,0.471,,,,1.12,0.0,0.224,0.128,0.179,0.256,0.333,0.8,,
normalized_rhofold_6wpi_b.pdb,9.638,9.792734033847728e-05,0.443,0.277,0.289,0.546,21.736,,0.379,,,,0.322,0.0,0.231,0.128,0.205,0.282,0.308,0.544,,
normalized_alphafold3c_1.pdb,4.359,1.3966550138633238e-11,0.894,0.92,1.0,0.878,4.875,,0.727,,,,1.191,0.0,0.885,0.846,0.897,0.897,0.897,0.914,,
normalized_alphafold3c_0.pdb,5.423,6.550427977813911e-10,0.894,0.92,1.0,0.878,6.065,,0.773,,,,1.18,0.0,0.885,0.846,0.897,0.897,0.897,0.913,,
normalized_alphafold3c_2.pdb,9.865,0.0001602502522625,0.871,0.92,0.816,0.858,11.331,,0.797,,,,1.193,0.0,0.885,0.846,0.897,0.897,0.897,0.895,,
normalized_alphafold3c_4.pdb,10.62,0.0007398825746838,0.861,0.92,1.0,0.83,12.339,,0.744,,,,1.259,0.0,0.885,0.846,0.897,0.897,0.897,0.789,,
normalized_alphafold3c_3.pdb,12.812,0.0249252988064957,0.851,0.92,1.0,0.816,15.053,,0.745,,,,1.202,0.0,0.878,0.821,0.897,0.897,0.897,0.893,,
