,RMSD,P-VALUE,INF-ALL,INF-WC,INF-NWC,INF-STACK,DI,MCQ,TM-score,CAD,BARNABA-RMSD,BARNABA-eRMSD,BARNABA-eSCORE,CLASH,GDT-TS,GDT-TS@1,GDT-TS@2,GDT-TS@4,GDT-TS@8,lDDT,LCS-TA-COVERAGE-10,LCS-TA-RESIDUES-10
normalized_rnajp_6ww6_d.pdb,3.654,0.0114656692508773,0.788,0.894,,0.753,4.636,26.74,0.238,,0.29,1.029,0.491,0.0,0.412,0.353,0.353,0.471,0.471,0.002,23.529,4.0
normalized_alphafold3_6ww6_d.pdb,3.752,0.0132049851374515,0.835,0.894,,0.846,4.496,12.73,0.264,,0.327,0.957,0.551,0.0,0.426,0.353,0.412,0.471,0.471,0.714,52.941,9.0
normalized_rnacomposer_6ww6_d.pdb,5.046,0.0666149245875025,0.706,0.894,,0.641,7.148,24.6,0.249,,0.458,1.232,0.393,0.0,0.368,0.235,0.353,0.412,0.471,0.637,29.412,5.0
normalized_rhofold_6ww6_d.pdb,17.955,0.9999999928594886,0.485,,,0.555,37.014,69.65,0.17,,1.775,1.521,0.072,0.0,0.426,0.353,0.412,0.471,0.471,0.333,,
normalized_alphafold3c_4.pdb,6.695,0.2791092714906674,0.778,0.866,,0.753,8.607,18.95,0.345,0.632,0.635,1.047,0.38,0.0,0.721,0.529,0.706,0.824,0.824,0.614,,
normalized_alphafold3c_2.pdb,6.705,0.2810590437896925,0.74,0.866,,0.702,9.062,17.13,0.306,0.629,0.638,1.052,0.375,0.0,0.721,0.471,0.765,0.824,0.824,0.621,,
normalized_alphafold3c_1.pdb,6.927,0.3239320350986687,0.778,0.866,,0.753,8.905,18.45,0.342,0.602,0.655,1.115,0.352,0.0,0.691,0.529,0.588,0.824,0.824,0.567,,
normalized_alphafold3c_0.pdb,6.995,0.3376554515658747,0.74,0.866,,0.702,9.453,24.62,0.298,0.595,0.655,1.124,0.352,0.0,0.691,0.471,0.647,0.824,0.824,0.589,,
normalized_alphafold3c_3.pdb,7.267,0.3945695745374992,0.778,0.866,,0.753,9.343,22.04,0.304,0.609,0.674,1.121,0.361,0.0,0.691,0.529,0.588,0.824,0.824,0.556,,
