,RMSD,P-VALUE,INF-ALL,INF-WC,INF-NWC,INF-STACK,DI,MCQ,TM-score,CAD,BARNABA-RMSD,BARNABA-eRMSD,BARNABA-eSCORE,CLASH,GDT-TS,GDT-TS@1,GDT-TS@2,GDT-TS@4,GDT-TS@8,lDDT,LCS-TA-COVERAGE-10,LCS-TA-RESIDUES-10
normalized_rhofold_6xjy_b.pdb,2.514,0.0,0.744,0.923,0.134,0.776,3.379,45.3,0.569,,0.253,1.005,0.979,0.0,0.711,0.259,0.586,1.0,1.0,0.677,1.724,1.0
normalized_rnajp_6xjy_b.pdb,7.25,6.494804694057166e-15,0.691,0.922,0.0,0.683,10.484,29.79,0.262,,0.696,1.578,1.638,0.0,0.405,0.172,0.241,0.414,0.793,0.021,12.069,7.0
normalized_alphafold3_6xjy_b.pdb,11.333,2.694829859262171e-08,0.639,0.616,0.0,0.714,17.731,18.82,0.308,,1.196,1.819,1.906,0.0,0.358,0.207,0.31,0.379,0.534,0.508,17.241,10.0
normalized_rnacomposer_6xjy_b.pdb,14.937,0.0002956574164065,0.595,0.651,,0.624,25.12,31.0,0.225,,1.556,1.779,0.932,0.0,0.315,0.155,0.259,0.362,0.483,0.438,8.621,5.0
normalized_alphafold3c_0.pdb,11.855,1.3167532142421834e-07,0.613,0.616,0.0,0.675,19.353,20.48,0.24,0.667,1.279,1.862,1.77,0.0,0.319,0.172,0.293,0.345,0.466,0.476,17.241,10.0
normalized_alphafold3c_2.pdb,12.954,2.852471639225307e-06,0.657,0.667,,0.713,19.706,19.2,0.265,0.667,1.419,1.744,1.667,0.0,0.341,0.19,0.293,0.345,0.534,0.467,17.241,10.0
normalized_alphafold3c_1.pdb,13.027,3.4488270264088072e-06,0.632,0.616,0.0,0.723,20.597,19.91,0.262,0.688,1.388,1.844,1.626,0.0,0.323,0.207,0.276,0.379,0.431,0.441,17.241,10.0
normalized_alphafold3c_3.pdb,13.124,4.43655630122386e-06,0.592,0.564,0.0,0.667,22.168,19.58,0.264,0.675,1.405,1.906,1.731,0.0,0.319,0.224,0.259,0.328,0.466,0.429,17.241,10.0
normalized_alphafold3c_4.pdb,13.172,5.031596601146049e-06,0.617,0.685,0.0,0.659,21.342,18.88,0.22,0.665,1.409,1.896,1.535,0.0,0.297,0.19,0.241,0.328,0.431,0.465,17.241,10.0
