,RMSD,P-VALUE,INF-ALL,INF-WC,INF-NWC,INF-STACK,DI,MCQ,TM-score,CAD,BARNABA-RMSD,BARNABA-eRMSD,BARNABA-eSCORE,CLASH,GDT-TS,GDT-TS@1,GDT-TS@2,GDT-TS@4,GDT-TS@8,lDDT,LCS-TA-COVERAGE-10,LCS-TA-RESIDUES-10
normalized_rhofold_6xmf_c.pdb,6.681,0.0,0.73,0.773,0.224,0.741,9.148,53.74,0.575,,0.657,1.18,1.527,0.0,0.158,0.064,0.101,0.193,0.275,0.572,0.917,1.0
normalized_rnajp_6xmf_c.pdb,20.203,6.953232989381775e-10,0.718,0.811,,0.699,28.148,26.24,0.275,,2.131,1.277,2.986,0.0,0.135,0.055,0.092,0.165,0.229,0.008,11.009,12.0
normalized_alphafold3_6xmf_c.pdb,24.116,5.160762436368094e-05,0.735,0.686,0.0,0.787,32.814,19.5,0.288,,2.473,1.465,3.131,0.0,0.144,0.092,0.11,0.156,0.22,0.52,28.44,31.0
normalized_rnacomposer_6xmf_c.pdb,24.476,0.0001152410075569,0.685,0.803,0.0,0.663,35.749,28.04,0.302,,2.523,1.343,2.147,0.0,0.147,0.073,0.119,0.174,0.22,0.236,,
normalized_alphafold3c_0.pdb,3.621,0.0,0.869,0.933,0.338,0.879,4.166,15.29,0.733,0.86,0.362,0.859,2.961,0.0,0.681,0.294,0.578,0.899,0.954,0.769,,
normalized_alphafold3c_1.pdb,4.264,0.0,0.889,0.947,0.516,0.882,4.796,16.28,0.693,0.862,0.414,0.728,2.917,0.0,0.638,0.266,0.459,0.872,0.954,0.8,,
normalized_alphafold3c_2.pdb,6.191,0.0,0.848,0.905,0.447,0.845,7.302,19.01,0.58,0.822,0.645,1.05,2.738,0.0,0.486,0.22,0.312,0.532,0.881,0.704,,
normalized_alphafold3c_4.pdb,7.258,0.0,0.855,0.89,0.516,0.857,8.49,17.97,0.589,0.825,0.756,0.925,2.763,0.0,0.511,0.202,0.404,0.56,0.881,0.741,,
normalized_alphafold3c_3.pdb,8.698,0.0,0.82,0.875,0.447,0.817,10.612,18.82,0.523,0.806,0.873,1.063,2.731,0.0,0.511,0.183,0.395,0.606,0.862,0.646,,
