,RMSD,P-VALUE,INF-ALL,INF-WC,INF-NWC,INF-STACK,DI,MCQ,TM-score,CAD,BARNABA-RMSD,BARNABA-eRMSD,BARNABA-eSCORE,CLASH,GDT-TS,GDT-TS@1,GDT-TS@2,GDT-TS@4,GDT-TS@8,lDDT,LCS-TA-COVERAGE-10,LCS-TA-RESIDUES-10
normalized_rhofold_6xn4_r.pdb,4.643,8.52455878108671e-09,0.544,,,0.544,8.531,64.48,0.273,,0.428,0.869,0.099,0.0,0.636,0.257,0.514,0.8,0.971,0.617,,
normalized_rnajp_6xn4_r.pdb,31.554,1.0,0.196,,,0.243,160.896,44.37,0.112,,3.125,1.747,0.521,0.0,0.207,0.114,0.171,0.257,0.286,0.029,5.714,2.0
normalized_rnacomposer_6xn4_r.pdb,33.276,1.0,0.378,,,0.485,88.04,48.58,0.112,,3.291,1.838,0.445,0.0,0.2,0.143,0.2,0.2,0.257,0.533,8.571,3.0
normalized_alphafold3_6xn4_r.pdb,35.497,1.0,0.27,,,0.34,131.292,42.78,0.132,,3.526,1.93,0.595,0.0,0.214,0.143,0.2,0.229,0.286,0.507,8.571,3.0
normalized_alphafold3c_4.pdb,10.274,0.0060105503542371,0.355,,,0.355,28.913,36.33,0.179,0.71,1.042,1.011,0.604,0.0,0.364,0.2,0.257,0.371,0.629,0.615,5.714,2.0
normalized_alphafold3c_2.pdb,11.98,0.0589234038639686,0.278,,,0.278,43.089,35.71,0.198,0.701,1.228,1.013,0.683,0.0,0.364,0.171,0.257,0.429,0.6,0.613,5.714,2.0
normalized_alphafold3c_1.pdb,12.746,0.1275094533938532,0.348,,,0.348,36.676,36.68,0.185,0.699,1.31,1.017,0.624,0.0,0.357,0.2,0.257,0.371,0.6,0.605,5.714,2.0
normalized_alphafold3c_3.pdb,12.806,0.1346171349867165,0.34,,,0.34,37.642,35.85,0.177,0.698,1.319,1.014,0.638,0.0,0.35,0.143,0.257,0.4,0.6,0.604,5.714,2.0
normalized_alphafold3c_0.pdb,13.167,0.1829329353725969,0.34,,,0.34,38.703,37.32,0.215,0.698,1.358,1.013,0.634,0.0,0.371,0.2,0.286,0.429,0.571,0.61,5.714,2.0
