,RMSD,P-VALUE,INF-ALL,INF-WC,INF-NWC,INF-STACK,DI,MCQ,TM-score,CAD,BARNABA-RMSD,BARNABA-eRMSD,BARNABA-eSCORE,CLASH,GDT-TS,GDT-TS@1,GDT-TS@2,GDT-TS@4,GDT-TS@8,lDDT,LCS-TA-COVERAGE-10,LCS-TA-RESIDUES-10
normalized_rnajp_7cyq_i.pdb,15.303,0.9877956264934612,0.689,,,0.8,22.225,20.28,0.229,,1.592,1.322,0.488,0.0,0.38,0.28,0.4,0.4,0.44,0.004,20.0,5.0
normalized_rnacomposer_7cyq_i.pdb,15.764,0.9939062224964536,0.527,,,0.645,29.909,28.46,0.169,,1.597,1.483,0.274,0.0,0.36,0.2,0.36,0.44,0.44,0.583,12.0,3.0
normalized_alphafold3_7cyq_i.pdb,21.173,0.9999999822502956,0.683,,,0.776,31.012,16.84,0.205,,2.099,1.654,0.577,0.0,0.43,0.32,0.36,0.48,0.56,0.659,44.0,11.0
normalized_rhofold_7cyq_i.pdb,21.716,0.999999996939492,0.662,,,0.85,32.817,46.83,0.206,,2.149,1.589,0.416,0.0,0.47,0.32,0.44,0.52,0.6,0.72,8.0,2.0
normalized_alphafold3c_0.pdb,5.518,0.0007222577076451,0.9,,,0.9,6.131,8.65,0.466,0.818,0.606,0.502,1.401,0.0,0.85,0.64,0.92,0.92,0.92,0.824,,
normalized_alphafold3c_2.pdb,5.535,0.0007467535694595,0.9,,,0.9,6.15,8.75,0.389,0.816,0.605,0.502,1.446,0.0,0.8,0.56,0.8,0.92,0.92,0.821,,
normalized_alphafold3c_1.pdb,5.651,0.0009311993257181,0.9,,,0.9,6.279,8.47,0.501,0.818,0.613,0.506,1.494,0.0,0.88,0.76,0.92,0.92,0.92,0.823,,
normalized_alphafold3c_4.pdb,5.665,0.0009549654625666,0.9,,,0.9,6.294,8.36,0.414,0.818,0.622,0.499,1.46,0.0,0.81,0.56,0.84,0.92,0.92,0.823,,
normalized_alphafold3c_3.pdb,5.727,0.001073234394808,0.9,,,0.9,6.363,8.39,0.486,0.817,0.626,0.503,1.433,0.0,0.86,0.68,0.92,0.92,0.92,0.82,,
