,RMSD,P-VALUE,INF-ALL,INF-WC,INF-NWC,INF-STACK,DI,MCQ,TM-score,CAD,BARNABA-RMSD,BARNABA-eRMSD,BARNABA-eSCORE,CLASH,GDT-TS,GDT-TS@1,GDT-TS@2,GDT-TS@4,GDT-TS@8,lDDT,LCS-TA-COVERAGE-10,LCS-TA-RESIDUES-10
normalized_rhofold_7cyq_j.pdb,2.735,1.248856901225892e-07,0.714,,0.0,0.754,3.829,50.98,0.287,,0.258,0.635,0.407,0.0,0.139,0.111,0.148,0.148,0.148,0.71,,
normalized_rnajp_7cyq_j.pdb,17.413,0.998634870682648,0.542,,0.0,0.639,32.148,21.14,0.237,,1.752,1.432,0.718,0.0,0.13,0.074,0.148,0.148,0.148,0.0,11.111,3.0
normalized_alphafold3_7cyq_j.pdb,17.649,0.9991188347951816,0.72,,,0.826,24.506,13.72,0.294,,1.777,1.445,1.387,0.0,0.13,0.074,0.148,0.148,0.148,0.782,59.259,16.0
normalized_rnacomposer_7cyq_j.pdb,19.727,0.9999907371328776,0.361,,,0.466,54.669,38.15,0.118,,2.006,1.386,0.079,0.0,0.12,0.037,0.148,0.148,0.148,0.492,3.704,1.0
normalized_alphafold3c_0.pdb,18.874,0.99992998552736,0.77,,,0.786,24.518,14.68,0.382,0.586,1.88,0.773,0.898,0.0,0.704,0.63,0.704,0.741,0.741,0.621,,
normalized_alphafold3c_4.pdb,18.957,0.999941967714822,0.743,,,0.759,25.528,15.37,0.388,0.586,1.898,0.808,0.884,0.0,0.676,0.556,0.667,0.741,0.741,0.615,,
normalized_alphafold3c_1.pdb,19.295,0.9999734896922292,0.738,,,0.754,26.15,16.82,0.445,0.586,1.935,0.848,0.885,0.0,0.694,0.593,0.704,0.741,0.741,0.599,,
normalized_alphafold3c_2.pdb,19.737,0.9999909734708244,0.765,,,0.782,25.785,14.27,0.366,0.587,1.969,0.821,0.946,0.0,0.639,0.481,0.63,0.704,0.741,0.615,,
normalized_alphafold3c_3.pdb,19.797,0.9999922277566402,0.714,,,0.73,27.71,15.08,0.426,0.584,1.95,0.823,0.87,0.0,0.704,0.593,0.741,0.741,0.741,0.613,,
