,RMSD,P-VALUE,INF-ALL,INF-WC,INF-NWC,INF-STACK,DI,MCQ,TM-score,CAD,BARNABA-RMSD,BARNABA-eRMSD,BARNABA-eSCORE,CLASH,GDT-TS,GDT-TS@1,GDT-TS@2,GDT-TS@4,GDT-TS@8,lDDT,LCS-TA-COVERAGE-10,LCS-TA-RESIDUES-10
normalized_rhofold_7d8o_l.pdb,1.913,2.9976021664879227e-14,0.77,0.875,0.707,0.732,2.485,,0.475,,,,0.407,0.0,0.84,0.444,0.917,1.0,1.0,0.676,,
normalized_alphafold3_7d8o_l.pdb,14.568,0.3162696216497472,0.388,0.365,0.0,0.436,37.546,,0.313,,,,0.785,0.0,0.389,0.306,0.333,0.444,0.472,0.376,21.622,8.0
normalized_rnajp_7d8o_l.pdb,17.941,0.9186299969377818,0.233,0.0,0.0,0.342,76.971,,0.199,,,,0.697,0.0,0.299,0.167,0.194,0.333,0.5,0.015,8.108,3.0
normalized_rnacomposer_7d8o_l.pdb,18.761,0.9679709581117064,0.236,0.0,,0.349,79.425,,0.197,,,,0.637,0.0,0.264,0.139,0.222,0.278,0.417,0.299,5.405,2.0
normalized_alphafold3c_4.pdb,4.748,1.4807842729780414e-09,0.868,0.943,1.0,0.829,5.469,,0.508,,,,0.634,0.0,0.799,0.583,0.778,0.861,0.972,0.824,40.541,15.0
normalized_alphafold3c_1.pdb,5.173,6.074426128765964e-09,0.886,1.0,0.816,0.856,5.839,,0.513,,,,0.646,0.0,0.778,0.583,0.75,0.833,0.944,0.822,37.838,14.0
normalized_alphafold3c_2.pdb,5.249,7.790606881830087e-09,0.874,0.943,1.0,0.84,6.005,,0.506,,,,0.647,0.0,0.764,0.556,0.75,0.806,0.944,0.817,37.838,14.0
normalized_alphafold3c_0.pdb,5.309,9.461072314476128e-09,0.874,1.0,1.0,0.825,6.074,,0.49,,,,0.64,0.0,0.771,0.556,0.75,0.833,0.944,0.709,45.946,17.0
normalized_alphafold3c_3.pdb,5.452,1.4936962777767352e-08,0.856,1.0,1.0,0.798,6.367,,0.526,,,,0.662,0.0,0.771,0.583,0.778,0.806,0.917,0.818,40.541,15.0
