,RMSD,P-VALUE,INF-ALL,INF-WC,INF-NWC,INF-STACK,DI,MCQ,TM-score,CAD,BARNABA-RMSD,BARNABA-eRMSD,BARNABA-eSCORE,CLASH,GDT-TS,GDT-TS@1,GDT-TS@2,GDT-TS@4,GDT-TS@8,lDDT,LCS-TA-COVERAGE-10,LCS-TA-RESIDUES-10
normalized_rhofold_7dlz_x.pdb,4.191,2.19824158875781e-14,0.756,0.882,0.0,0.768,5.546,53.67,0.31,,0.409,1.071,0.713,0.0,0.622,0.267,0.444,0.8,0.978,0.639,4.444,2.0
normalized_rnacomposer_7dlz_x.pdb,4.72,2.0083934515469082e-13,0.775,0.857,,0.748,6.094,27.49,0.385,,0.451,1.219,0.734,0.0,0.611,0.333,0.444,0.667,1.0,0.615,11.111,5.0
normalized_rnajp_7dlz_x.pdb,6.46,1.6062312591103023e-10,0.807,0.815,0.0,0.832,8.003,30.26,0.347,,0.649,1.193,0.956,0.0,0.556,0.222,0.467,0.711,0.822,0.008,11.111,5.0
normalized_alphafold3_7dlz_x.pdb,6.556,2.2638990682111166e-10,0.722,0.714,0.0,0.764,9.086,24.62,0.278,,0.659,1.432,1.273,0.0,0.506,0.289,0.378,0.511,0.844,0.57,11.111,5.0
normalized_alphafold3c_0.pdb,2.012,0.0,0.85,0.935,0.0,0.849,2.368,19.55,0.689,0.878,0.153,0.991,1.181,0.0,0.9,0.644,0.956,1.0,1.0,0.819,20.0,9.0
normalized_alphafold3c_4.pdb,2.062,0.0,0.842,0.935,0.0,0.837,2.45,19.81,0.617,0.872,0.161,0.997,1.189,0.0,0.844,0.489,0.889,1.0,1.0,0.794,20.0,9.0
normalized_alphafold3c_3.pdb,2.332,0.0,0.858,0.935,0.0,0.849,2.719,19.54,0.595,0.877,0.195,0.993,1.194,0.0,0.822,0.467,0.844,0.978,1.0,0.821,22.222,10.0
normalized_alphafold3c_2.pdb,2.347,0.0,0.858,0.935,0.0,0.862,2.736,20.09,0.54,0.878,0.198,0.997,1.19,0.0,0.806,0.422,0.822,0.978,1.0,0.821,22.222,10.0
normalized_alphafold3c_1.pdb,2.401,0.0,0.842,0.935,0.0,0.837,2.853,19.44,0.572,0.881,0.204,0.987,1.181,0.0,0.822,0.467,0.844,0.978,1.0,0.825,20.0,9.0
