,RMSD,P-VALUE,INF-ALL,INF-WC,INF-NWC,INF-STACK,DI,MCQ,TM-score,CAD,BARNABA-RMSD,BARNABA-eRMSD,BARNABA-eSCORE,CLASH,GDT-TS,GDT-TS@1,GDT-TS@2,GDT-TS@4,GDT-TS@8,lDDT,LCS-TA-COVERAGE-10,LCS-TA-RESIDUES-10
normalized_rnajp_7dmq_b.pdb,23.543,0.9786896393633702,0.613,0.48,,0.667,38.417,26.1,0.261,,2.431,1.377,1.101,0.0,0.288,0.17,0.245,0.358,0.377,0.066,16.981,9.0
normalized_rnacomposer_7dmq_b.pdb,25.534,0.9991357834311791,0.374,0.522,,0.369,68.339,34.4,0.153,,2.614,1.566,0.765,0.0,0.207,0.132,0.17,0.226,0.302,0.522,13.208,7.0
normalized_rhofold_7dmq_b.pdb,29.76,0.9999999788628792,0.535,0.577,,0.544,55.579,72.76,0.18,,3.062,1.286,0.354,0.0,0.198,0.094,0.17,0.207,0.321,0.52,3.774,2.0
normalized_alphafold3_7dmq_b.pdb,32.077,0.9999999999934904,0.503,0.433,,0.55,63.728,21.91,0.19,,3.219,1.686,1.694,0.0,0.217,0.17,0.207,0.226,0.264,0.605,32.075,17.0
normalized_alphafold3c_1.pdb,4.614,0.0,0.778,0.866,,0.77,5.933,16.13,0.441,0.871,0.453,0.821,1.806,0.0,0.632,0.302,0.491,0.774,0.962,0.765,60.377,32.0
normalized_alphafold3c_2.pdb,4.805,0.0,0.77,0.866,,0.761,6.242,16.6,0.38,0.876,0.477,0.842,1.746,0.0,0.613,0.302,0.472,0.736,0.943,0.718,60.377,32.0
normalized_alphafold3c_0.pdb,5.332,2.7755575615628914e-16,0.738,0.866,,0.735,7.224,16.84,0.403,0.883,0.539,0.803,1.76,0.0,0.594,0.302,0.453,0.679,0.943,0.701,60.377,32.0
normalized_alphafold3c_4.pdb,18.582,0.2330335717684318,0.747,0.775,,0.744,24.881,18.93,0.351,0.795,1.893,1.008,1.848,0.0,0.401,0.264,0.321,0.453,0.566,0.683,60.377,32.0
normalized_alphafold3c_3.pdb,24.65,0.99588349048419,0.786,0.866,,0.779,31.347,17.79,0.291,0.894,2.502,0.744,1.618,0.0,0.443,0.226,0.358,0.566,0.623,0.753,54.717,29.0
