,RMSD,P-VALUE,INF-ALL,INF-WC,INF-NWC,INF-STACK,DI,MCQ,TM-score,CAD,BARNABA-RMSD,BARNABA-eRMSD,BARNABA-eSCORE,CLASH,GDT-TS,GDT-TS@1,GDT-TS@2,GDT-TS@4,GDT-TS@8,lDDT,LCS-TA-COVERAGE-10,LCS-TA-RESIDUES-10
normalized_rnacomposer_7dmq_c.pdb,22.508,0.9999908651211036,0.555,,,0.669,40.576,28.57,0.224,,2.222,1.482,0.438,0.0,0.386,0.2,0.314,0.486,0.543,0.687,25.714,9.0
normalized_rnajp_7dmq_c.pdb,22.845,0.9999961328193429,0.573,,,0.667,39.893,25.63,0.213,,2.242,1.572,0.78,0.0,0.4,0.257,0.371,0.429,0.543,0.065,31.429,11.0
normalized_alphafold3_7dmq_c.pdb,23.098,0.9999980128789046,0.605,,,0.716,38.163,19.44,0.272,,2.272,1.509,1.179,0.0,0.486,0.343,0.486,0.543,0.571,0.794,62.857,22.0
normalized_rhofold_7dmq_c.pdb,27.026,0.9999999999945846,0.368,,,0.428,73.432,70.41,0.129,,2.603,1.858,0.135,0.0,0.279,0.143,0.229,0.257,0.486,0.367,,
normalized_alphafold3c_1.pdb,2.094,8.559264408347644e-13,0.774,,,0.774,2.706,17.94,0.379,0.943,0.2,0.654,1.883,0.0,0.793,0.4,0.771,1.0,1.0,0.862,71.429,25.0
normalized_alphafold3c_2.pdb,2.169,1.158129148137732e-12,0.774,,,0.774,2.804,17.95,0.394,0.945,0.206,0.655,1.862,0.0,0.779,0.371,0.743,1.0,1.0,0.866,71.429,25.0
normalized_alphafold3c_0.pdb,2.456,3.5702552025895784e-12,0.728,,,0.728,3.373,17.97,0.419,0.94,0.233,0.655,1.764,0.0,0.757,0.371,0.657,1.0,1.0,0.855,71.429,25.0
normalized_alphafold3c_3.pdb,2.517,4.519939977853937e-12,0.751,,,0.751,3.351,18.02,0.434,0.934,0.251,0.66,1.54,0.0,0.743,0.343,0.657,0.971,1.0,0.856,71.429,25.0
normalized_alphafold3c_4.pdb,4.305,2.816292754559413e-09,0.774,,,0.774,5.566,18.95,0.371,0.944,0.422,0.658,1.864,0.0,0.65,0.371,0.543,0.743,0.943,0.861,68.571,24.0
