,RMSD,P-VALUE,INF-ALL,INF-WC,INF-NWC,INF-STACK,DI,MCQ,TM-score,CAD,BARNABA-RMSD,BARNABA-eRMSD,BARNABA-eSCORE,CLASH,GDT-TS,GDT-TS@1,GDT-TS@2,GDT-TS@4,GDT-TS@8,lDDT,LCS-TA-COVERAGE-10,LCS-TA-RESIDUES-10
normalized_rhofold_7dte_g.pdb,24.069,0.9999999998370236,0.6,,,0.688,40.115,49.61,0.191,,2.415,1.391,0.288,0.0,0.431,0.241,0.379,0.517,0.586,0.712,6.897,2.0
normalized_rnacomposer_7dte_g.pdb,24.381,0.9999999999474372,0.531,,,0.65,45.94,16.72,0.132,,2.538,1.493,0.418,0.0,0.345,0.207,0.31,0.379,0.483,0.638,20.69,6.0
normalized_rnajp_7dte_g.pdb,25.036,0.9999999999955408,0.549,,,0.667,45.619,19.76,0.27,,2.599,1.581,0.7,0.0,0.371,0.276,0.345,0.414,0.448,0.0,20.69,6.0
normalized_alphafold3_7dte_g.pdb,25.045,0.9999999999956936,0.746,,,0.854,33.562,9.3,0.26,,2.598,1.499,1.398,0.0,0.379,0.31,0.379,0.414,0.414,0.857,100.0,29.0
normalized_alphafold3c_0.pdb,3.139,4.604683995212967e-08,0.829,,,0.829,3.786,9.1,0.458,0.932,0.339,0.36,1.761,0.0,0.871,0.69,0.862,0.966,0.966,0.881,,
normalized_alphafold3c_3.pdb,3.144,4.66980369928649e-08,0.829,,,0.829,3.791,8.04,0.415,0.936,0.334,0.357,2.049,0.0,0.845,0.621,0.862,0.931,0.966,0.9,,
normalized_alphafold3c_2.pdb,3.273,6.91164038779668e-08,0.88,,,0.88,3.719,8.08,0.409,0.934,0.34,0.357,2.034,0.0,0.828,0.655,0.793,0.897,0.966,0.898,,
normalized_alphafold3c_1.pdb,3.3,7.494428305721001e-08,0.834,,,0.834,3.956,8.28,0.381,0.936,0.354,0.35,1.998,0.0,0.836,0.586,0.828,0.966,0.966,0.904,,
normalized_alphafold3c_4.pdb,3.359,8.955455504944254e-08,0.81,,,0.81,4.146,8.12,0.377,0.934,0.353,0.356,1.833,0.0,0.802,0.517,0.759,0.966,0.966,0.899,,
