,RMSD,P-VALUE,INF-ALL,INF-WC,INF-NWC,INF-STACK,DI,MCQ,TM-score,CAD,BARNABA-RMSD,BARNABA-eRMSD,BARNABA-eSCORE,CLASH,GDT-TS,GDT-TS@1,GDT-TS@2,GDT-TS@4,GDT-TS@8,lDDT,LCS-TA-COVERAGE-10,LCS-TA-RESIDUES-10
normalized_rhofold_7dte_f.pdb,29.323,1.0,0.584,,,0.699,50.221,51.1,0.217,,2.961,1.434,0.564,0.0,0.318,0.212,0.303,0.364,0.394,0.739,3.03,1.0
normalized_rnacomposer_7dte_f.pdb,29.349,1.0,0.442,,,0.537,66.435,27.68,0.163,,2.977,1.557,0.552,0.0,0.204,0.121,0.151,0.212,0.333,0.61,9.091,3.0
normalized_alphafold3_7dte_f.pdb,29.454,1.0,0.6,,,0.712,49.09,11.78,0.261,,2.97,1.526,1.349,0.0,0.348,0.273,0.364,0.364,0.394,0.802,72.727,24.0
normalized_rnajp_7dte_f.pdb,29.783,1.0,0.544,,,0.634,54.737,18.96,0.224,,3.016,1.523,0.836,0.0,0.364,0.303,0.364,0.394,0.394,0.003,15.152,5.0
normalized_alphafold3c_4.pdb,7.493,0.0001109924861429,0.822,,,0.822,9.12,12.39,0.386,0.827,0.762,0.515,1.906,0.0,0.682,0.455,0.545,0.849,0.879,0.817,,
normalized_alphafold3c_1.pdb,8.315,0.0006066752979735,0.822,,,0.822,10.121,12.21,0.419,0.824,0.843,0.513,1.96,0.0,0.727,0.485,0.667,0.879,0.879,0.821,,
normalized_alphafold3c_3.pdb,8.407,0.0007246250042155,0.775,,,0.775,10.853,12.53,0.43,0.827,0.857,0.515,1.949,0.0,0.712,0.485,0.636,0.849,0.879,0.816,,
normalized_alphafold3c_2.pdb,8.423,0.0007472971825821,0.775,,,0.775,10.874,12.02,0.384,0.826,0.864,0.514,2.003,0.0,0.667,0.455,0.545,0.788,0.879,0.817,,
normalized_alphafold3c_0.pdb,8.581,0.0010082161169558,0.822,,,0.822,10.445,13.66,0.421,0.824,0.882,0.516,1.839,0.0,0.712,0.485,0.667,0.818,0.879,0.81,,
