,RMSD,P-VALUE,INF-ALL,INF-WC,INF-NWC,INF-STACK,DI,MCQ,TM-score,CAD,BARNABA-RMSD,BARNABA-eRMSD,BARNABA-eSCORE,CLASH,GDT-TS,GDT-TS@1,GDT-TS@2,GDT-TS@4,GDT-TS@8,lDDT,LCS-TA-COVERAGE-10,LCS-TA-RESIDUES-10
normalized_rhofold_7eu0_o.pdb,7.184,0.0001180377968552,0.533,,,0.533,13.479,76.93,0.141,,0.674,1.023,0.091,0.0,0.305,0.125,0.156,0.344,0.594,0.505,,
normalized_rnacomposer_7eu0_o.pdb,29.587,1.0,0.579,,,0.701,51.141,45.9,0.192,,2.908,1.507,0.42,0.0,0.211,0.125,0.156,0.219,0.344,0.568,3.125,1.0
normalized_rnajp_7eu0_o.pdb,36.068,1.0,0.514,,,0.669,70.135,51.0,0.126,,3.478,1.693,0.591,0.0,0.203,0.125,0.156,0.219,0.312,0.005,3.125,1.0
normalized_alphafold3_7eu0_o.pdb,37.074,1.0,0.496,,,0.57,74.795,39.7,0.17,,3.573,1.643,1.325,0.0,0.242,0.156,0.219,0.281,0.312,0.598,12.5,4.0
normalized_alphafold3c_1.pdb,4.998,5.003366009836974e-07,0.836,,,0.836,5.977,47.62,0.22,0.781,0.465,0.809,0.577,0.0,0.57,0.219,0.344,0.719,1.0,0.514,12.5,4.0
normalized_alphafold3c_2.pdb,5.611,2.667337994977093e-06,0.804,,,0.829,6.975,40.85,0.276,0.765,0.503,0.844,0.583,0.0,0.523,0.219,0.312,0.594,0.969,0.632,12.5,4.0
normalized_alphafold3c_3.pdb,6.679,3.785800550487606e-05,0.753,,,0.753,8.875,44.11,0.254,0.754,0.624,1.002,0.506,0.0,0.469,0.25,0.312,0.406,0.906,0.584,12.5,4.0
normalized_alphafold3c_4.pdb,7.401,0.000187800720305,0.725,,,0.725,10.205,44.73,0.234,0.773,0.717,0.848,0.593,0.0,0.438,0.219,0.312,0.406,0.812,0.53,12.5,4.0
normalized_alphafold3c_0.pdb,7.767,0.0003995260471573,0.678,,,0.701,11.449,41.67,0.225,0.743,0.747,1.086,0.481,0.0,0.406,0.25,0.312,0.375,0.688,0.557,12.5,4.0
