,RMSD,P-VALUE,INF-ALL,INF-WC,INF-NWC,INF-STACK,DI,MCQ,TM-score,CAD,BARNABA-RMSD,BARNABA-eRMSD,BARNABA-eSCORE,CLASH,GDT-TS,GDT-TS@1,GDT-TS@2,GDT-TS@4,GDT-TS@8,lDDT,LCS-TA-COVERAGE-10,LCS-TA-RESIDUES-10
normalized_rnacomposer_7jl2_y.pdb,40.673,1.0,0.532,,,0.624,76.48,19.56,0.162,,4.15,1.328,0.931,0.0,0.273,0.136,0.204,0.295,0.455,0.711,25.0,11.0
normalized_alphafold3_7jl2_y.pdb,42.442,1.0,0.611,,,0.699,69.449,11.24,0.208,,4.328,1.554,1.788,0.0,0.347,0.227,0.273,0.364,0.523,0.839,59.091,26.0
normalized_rhofold_7jl2_y.pdb,42.612,1.0,0.579,,,0.705,73.578,55.57,0.187,,4.277,1.528,0.622,0.0,0.312,0.204,0.25,0.318,0.477,0.704,4.545,2.0
normalized_rnajp_7jl2_y.pdb,42.877,1.0,0.646,,,0.774,66.396,21.08,0.235,,4.285,1.488,0.486,0.0,0.33,0.182,0.25,0.386,0.5,0.008,4.545,2.0
normalized_alphafold3c_2.pdb,3.932,2.398081733190338e-14,0.837,,,0.837,4.695,9.14,0.356,0.965,0.444,0.243,5.112,0.0,0.619,0.341,0.432,0.705,1.0,0.925,100.0,44.0
normalized_alphafold3c_3.pdb,4.19,7.133182933216632e-14,0.837,,,0.837,5.004,9.04,0.323,0.964,0.468,0.238,4.987,0.0,0.58,0.295,0.432,0.614,0.977,0.925,100.0,44.0
normalized_alphafold3c_1.pdb,4.524,2.8332891588434e-13,0.865,,,0.865,5.233,9.19,0.297,0.962,0.506,0.238,4.741,0.0,0.551,0.273,0.386,0.568,0.977,0.926,100.0,44.0
normalized_alphafold3c_0.pdb,4.683,5.395128788165948e-13,0.813,,,0.813,5.759,9.82,0.367,0.962,0.506,0.244,4.795,0.0,0.591,0.318,0.409,0.682,0.955,0.92,100.0,44.0
normalized_alphafold3c_4.pdb,4.921,1.3931633624508777e-12,0.846,,,0.846,5.814,9.06,0.339,0.963,0.54,0.236,4.701,0.0,0.551,0.295,0.386,0.614,0.909,0.927,100.0,44.0
