,RMSD,P-VALUE,INF-ALL,INF-WC,INF-NWC,INF-STACK,DI,MCQ,TM-score,CAD,BARNABA-RMSD,BARNABA-eRMSD,BARNABA-eSCORE,CLASH,GDT-TS,GDT-TS@1,GDT-TS@2,GDT-TS@4,GDT-TS@8,lDDT,LCS-TA-COVERAGE-10,LCS-TA-RESIDUES-10
normalized_rhofold_7jl2_x.pdb,12.234,0.0017218282697565,0.654,,,0.654,18.698,66.38,0.226,,1.295,0.942,0.269,0.0,0.33,0.159,0.227,0.386,0.545,0.628,4.545,2.0
normalized_rnacomposer_7jl2_x.pdb,32.589,1.0,0.704,,,0.769,46.261,21.56,0.164,,3.282,1.341,0.828,0.0,0.216,0.136,0.182,0.227,0.318,0.613,9.091,4.0
normalized_alphafold3_7jl2_x.pdb,40.396,1.0,0.598,,,0.691,67.515,9.27,0.225,,4.001,1.569,1.53,0.0,0.335,0.159,0.25,0.386,0.545,0.809,100.0,44.0
normalized_rnajp_7jl2_x.pdb,44.076,1.0,0.484,,,0.593,91.031,18.7,0.241,,4.476,1.588,0.98,0.0,0.312,0.159,0.25,0.364,0.477,0.009,13.636,6.0
normalized_alphafold3c_3.pdb,3.967,2.7866597918091432e-14,0.885,,,0.885,4.485,6.65,0.291,0.959,0.435,0.241,5.869,0.0,0.574,0.25,0.386,0.659,1.0,0.911,100.0,44.0
normalized_alphafold3c_2.pdb,3.984,2.9976021664879227e-14,0.902,,,0.902,4.417,6.85,0.32,0.957,0.451,0.245,6.021,0.0,0.58,0.273,0.386,0.659,1.0,0.902,100.0,44.0
normalized_alphafold3c_0.pdb,4.355,1.4133139103478245e-13,0.885,,,0.885,4.923,7.25,0.361,0.959,0.46,0.243,5.628,0.0,0.58,0.273,0.364,0.682,1.0,0.913,100.0,44.0
normalized_alphafold3c_1.pdb,4.467,2.238209617644316e-13,0.902,,,0.902,4.951,6.84,0.302,0.959,0.497,0.244,5.923,0.0,0.545,0.227,0.364,0.591,1.0,0.909,100.0,44.0
normalized_alphafold3c_4.pdb,5.151,3.437083950785791e-12,0.902,,,0.902,5.71,6.88,0.341,0.96,0.567,0.241,5.92,0.0,0.534,0.295,0.386,0.568,0.886,0.913,100.0,44.0
