,RMSD,P-VALUE,INF-ALL,INF-WC,INF-NWC,INF-STACK,DI,MCQ,TM-score,CAD,BARNABA-RMSD,BARNABA-eRMSD,BARNABA-eSCORE,CLASH,GDT-TS,GDT-TS@1,GDT-TS@2,GDT-TS@4,GDT-TS@8,lDDT,LCS-TA-COVERAGE-10,LCS-TA-RESIDUES-10
normalized_rhofold_7jrs_b.pdb,11.721,0.0,0.722,0.796,0.0,0.731,16.24,46.22,0.459,,1.167,1.139,2.243,0.0,0.362,0.085,0.233,0.465,0.667,0.617,1.55,2.0
normalized_alphafold3_7jrs_b.pdb,19.618,2.220446049250313e-16,0.862,0.835,0.791,0.878,22.767,9.86,0.34,,2.04,0.922,5.768,0.0,0.273,0.147,0.225,0.326,0.395,0.786,100.0,129.0
normalized_rnacomposer_7jrs_b.pdb,23.158,3.7493641524832805e-10,0.822,0.976,0.645,0.779,28.16,17.96,0.268,,2.394,0.907,3.035,0.0,0.244,0.093,0.194,0.31,0.38,0.665,10.078,13.0
normalized_rnajp_7jrs_b.pdb,24.487,3.0307764520287606e-08,0.849,0.976,0.745,0.808,28.858,18.61,0.267,,2.469,0.874,4.712,0.0,0.242,0.116,0.209,0.295,0.349,0.04,,
normalized_alphafold3c_3.pdb,17.953,0.0,0.852,0.835,0.745,0.867,21.071,9.99,0.373,0.902,1.871,0.922,5.795,0.0,0.324,0.178,0.256,0.326,0.535,0.785,100.0,129.0
normalized_alphafold3c_0.pdb,18.476,0.0,0.868,0.848,0.845,0.879,21.29,10.23,0.337,0.895,1.927,0.914,5.799,0.0,0.293,0.171,0.24,0.333,0.426,0.762,92.248,119.0
normalized_alphafold3c_1.pdb,18.539,0.0,0.874,0.848,0.845,0.887,21.218,9.44,0.365,0.899,1.932,0.929,5.689,0.0,0.291,0.171,0.24,0.326,0.426,0.751,100.0,129.0
normalized_alphafold3c_4.pdb,19.925,9.43689570931383e-16,0.868,0.848,0.845,0.878,22.962,9.37,0.335,0.897,2.073,0.9,5.863,0.0,0.287,0.163,0.24,0.326,0.419,0.791,100.0,129.0
normalized_alphafold3c_2.pdb,20.969,8.426592756904938e-14,0.881,0.848,0.845,0.898,23.798,9.98,0.298,0.899,2.184,0.873,5.977,0.0,0.281,0.171,0.256,0.302,0.395,0.772,100.0,129.0
