,RMSD,P-VALUE,INF-ALL,INF-WC,INF-NWC,INF-STACK,DI,MCQ,TM-score,CAD,BARNABA-RMSD,BARNABA-eRMSD,BARNABA-eSCORE,CLASH,GDT-TS,GDT-TS@1,GDT-TS@2,GDT-TS@4,GDT-TS@8,lDDT,LCS-TA-COVERAGE-10,LCS-TA-RESIDUES-10
normalized_rhofold_7kvu_g.pdb,3.12,0.0,0.663,0.921,0.0,0.666,4.706,46.72,0.602,,0.317,1.314,1.351,0.0,0.632,0.205,0.47,0.855,1.0,0.592,1.205,1.0
normalized_alphafold3_7kvu_g.pdb,11.435,5.551115123125783e-17,0.539,0.604,0.0,0.576,21.218,18.25,0.281,,1.241,1.937,2.729,0.0,0.322,0.205,0.265,0.325,0.494,0.454,15.663,13.0
normalized_rnacomposer_7kvu_g.pdb,16.895,5.133267705348389e-08,0.473,0.654,0.0,0.445,35.742,29.75,0.277,,1.71,2.085,1.814,0.0,0.28,0.205,0.253,0.289,0.373,0.383,10.843,9.0
normalized_rnajp_7kvu_g.pdb,21.081,0.0013656719714144,0.628,0.824,0.0,0.621,33.584,23.21,0.248,,2.148,1.62,2.369,0.0,0.292,0.157,0.229,0.301,0.482,0.083,12.048,10.0
normalized_alphafold3c_4.pdb,10.448,0.0,0.564,0.667,0.0,0.588,18.523,18.5,0.312,0.628,1.123,1.989,2.723,0.0,0.328,0.217,0.253,0.325,0.518,0.475,18.072,15.0
normalized_alphafold3c_2.pdb,10.792,0.0,0.564,0.656,0.0,0.592,19.135,18.28,0.287,0.627,1.156,1.957,2.792,0.0,0.289,0.193,0.253,0.301,0.41,0.459,15.663,13.0
normalized_alphafold3c_0.pdb,11.317,0.0,0.588,0.692,,0.607,19.242,18.74,0.295,0.624,1.18,1.962,2.655,0.0,0.277,0.181,0.253,0.277,0.398,0.428,18.072,15.0
normalized_alphafold3c_1.pdb,11.431,5.551115123125783e-17,0.551,0.656,0.0,0.572,20.734,18.62,0.28,0.626,1.216,1.961,2.7,0.0,0.274,0.169,0.241,0.277,0.41,0.455,18.072,15.0
normalized_alphafold3c_3.pdb,11.99,4.440892098500626e-16,0.554,0.656,0.0,0.572,21.646,18.23,0.285,0.618,1.281,1.975,2.878,0.0,0.28,0.205,0.253,0.289,0.373,0.426,18.072,15.0
