,RMSD,P-VALUE,INF-ALL,INF-WC,INF-NWC,INF-STACK,DI,MCQ,TM-score,CAD,BARNABA-RMSD,BARNABA-eRMSD,BARNABA-eSCORE,CLASH,GDT-TS,GDT-TS@1,GDT-TS@2,GDT-TS@4,GDT-TS@8,lDDT,LCS-TA-COVERAGE-10,LCS-TA-RESIDUES-10
normalized_rhofold_7kwg_a.pdb,17.62,0.9830206864612008,0.144,,,0.144,122.074,93.91,0.09,0.714,1.817,1.036,0.05,0.0,0.312,0.125,0.219,0.344,0.562,0.447,,
normalized_rnajp_7kwg_a.pdb,18.865,0.9975393389818747,0.555,,,0.555,34.009,46.63,0.11,0.618,1.941,1.201,0.111,0.0,0.273,0.125,0.25,0.312,0.406,0.0,3.125,1.0
normalized_rnacomposer_7kwg_a.pdb,20.504,0.9999015108516351,0.347,,,0.377,59.142,40.5,0.102,0.638,2.089,1.545,0.122,0.0,0.289,0.156,0.25,0.312,0.438,0.526,3.125,1.0
normalized_alphafold3_7kwg_a.pdb,21.305,0.9999846184774572,0.5,,,0.555,42.609,39.82,0.123,0.675,2.149,1.642,0.185,0.0,0.359,0.156,0.281,0.438,0.562,0.561,3.125,1.0
normalized_alphafold3c_3.pdb,7.67,0.000328374869029,0.377,,,0.377,20.351,41.23,0.201,0.594,0.771,1.173,0.162,0.0,0.391,0.125,0.281,0.5,0.656,0.506,3.125,1.0
normalized_alphafold3c_1.pdb,7.774,0.0004051168634974,0.386,,,0.386,20.153,39.74,0.248,0.594,0.775,1.148,0.167,0.0,0.406,0.156,0.312,0.469,0.688,0.515,6.25,2.0
normalized_alphafold3c_2.pdb,8.427,0.0014097247418817,0.442,,,0.442,19.051,39.22,0.221,0.615,0.848,1.137,0.173,0.0,0.391,0.156,0.344,0.438,0.625,0.512,3.125,1.0
normalized_alphafold3c_4.pdb,8.608,0.0019493504390077,0.386,,,0.386,22.313,43.58,0.199,0.618,0.86,1.159,0.154,0.0,0.391,0.156,0.344,0.469,0.594,0.505,3.125,1.0
normalized_alphafold3c_0.pdb,9.492,0.0083171644885425,0.369,,,0.369,25.752,41.31,0.157,0.586,0.987,1.21,0.166,0.0,0.383,0.156,0.344,0.438,0.594,0.509,,
