,RMSD,P-VALUE,INF-ALL,INF-WC,INF-NWC,INF-STACK,DI,MCQ,TM-score,CAD,BARNABA-RMSD,BARNABA-eRMSD,BARNABA-eSCORE,CLASH,GDT-TS,GDT-TS@1,GDT-TS@2,GDT-TS@4,GDT-TS@8,lDDT,LCS-TA-COVERAGE-10,LCS-TA-RESIDUES-10
normalized_rhofold_7l49_e.pdb,18.092,0.0,0.544,0.554,0.0,0.556,33.285,60.45,0.35,,1.871,1.649,1.873,0.0,0.094,0.037,0.074,0.111,0.156,0.472,0.741,1.0
normalized_rnacomposer_7l49_e.pdb,25.548,5.2453242582739534e-08,0.515,0.508,0.0,0.537,49.637,31.42,0.209,,2.616,1.872,3.078,0.0,0.076,0.044,0.059,0.082,0.118,0.461,0.741,1.0
normalized_rnajp_7l49_e.pdb,27.375,8.412852586625608e-06,0.562,0.515,0.0,0.597,48.696,27.02,0.259,,2.802,1.856,4.614,0.0,0.08,0.052,0.067,0.089,0.111,0.025,3.704,5.0
normalized_alphafold3_7l49_e.pdb,31.021,0.0113674891648005,0.697,0.702,0.0,0.711,44.477,18.37,0.261,,3.178,1.572,4.581,0.0,0.078,0.052,0.067,0.082,0.111,0.538,5.926,8.0
normalized_alphafold3c_4.pdb,21.589,2.7922109069322687e-14,0.725,0.656,0.0,0.76,29.789,18.15,0.564,0.663,2.178,1.34,3.167,0.0,0.476,0.237,0.363,0.585,0.719,0.591,,
normalized_alphafold3c_0.pdb,23.052,1.0090206448154504e-11,0.735,0.644,0.408,0.777,31.346,17.73,0.544,0.68,2.329,1.334,3.224,0.0,0.485,0.222,0.444,0.6,0.674,0.597,,
normalized_alphafold3c_1.pdb,23.822,1.7245305183877235e-10,0.718,0.622,0.0,0.762,33.192,17.24,0.541,0.667,2.399,1.338,3.283,0.0,0.467,0.207,0.422,0.57,0.667,0.584,,
normalized_alphafold3c_3.pdb,23.851,1.9095502956645302e-10,0.698,0.624,,0.731,34.158,18.6,0.504,0.654,2.398,1.393,3.137,0.0,0.454,0.23,0.348,0.57,0.667,0.545,,
normalized_alphafold3c_2.pdb,23.909,2.349715977345568e-10,0.723,0.613,0.707,0.762,33.064,17.95,0.5,0.66,2.408,1.387,3.13,0.0,0.433,0.2,0.311,0.548,0.674,0.555,,
