,RMSD,P-VALUE,INF-ALL,INF-WC,INF-NWC,INF-STACK,DI,MCQ,TM-score,CAD,BARNABA-RMSD,BARNABA-eRMSD,BARNABA-eSCORE,CLASH,GDT-TS,GDT-TS@1,GDT-TS@2,GDT-TS@4,GDT-TS@8,lDDT,LCS-TA-COVERAGE-10,LCS-TA-RESIDUES-10
normalized_rhofold_7m5o_b.pdb,8.2,2.9669731866965865e-05,0.819,0.926,,0.8,10.012,66.56,0.247,,0.747,1.06,0.404,0.0,0.378,0.162,0.243,0.432,0.676,0.648,2.703,1.0
normalized_alphafold3_7m5o_b.pdb,15.344,0.4812524770919782,0.632,0.68,,0.629,24.267,30.17,0.338,,1.544,1.373,1.372,0.0,0.378,0.162,0.27,0.432,0.649,0.703,24.324,9.0
normalized_rnacomposer_7m5o_b.pdb,15.625,0.5434125668657068,0.549,0.645,,0.52,28.475,39.54,0.215,,1.603,1.583,0.653,0.0,0.331,0.162,0.189,0.378,0.595,0.542,13.514,5.0
normalized_rnajp_7m5o_b.pdb,16.649,0.7511210810740607,0.532,0.566,,0.537,31.268,32.98,0.236,,1.678,1.47,1.014,0.0,0.378,0.162,0.243,0.46,0.649,0.0,16.216,6.0
normalized_alphafold3c_3.pdb,6.272,1.8190792278049986e-07,0.775,1.0,,0.732,8.097,24.65,0.515,0.845,0.616,0.877,1.064,0.0,0.737,0.595,0.676,0.757,0.919,0.807,59.459,22.0
normalized_alphafold3c_4.pdb,6.932,1.1771159756368554e-06,0.748,1.0,,0.696,9.261,24.21,0.502,0.849,0.682,0.885,1.116,0.0,0.703,0.568,0.649,0.73,0.865,0.801,59.459,22.0
normalized_alphafold3c_2.pdb,8.714,9.561918206452136e-05,0.753,1.0,,0.707,11.566,23.97,0.486,0.85,0.84,0.904,1.053,0.0,0.682,0.54,0.649,0.73,0.811,0.802,59.459,22.0
normalized_alphafold3c_0.pdb,9.125,0.0002310785076028,0.738,1.0,,0.683,12.369,25.12,0.498,0.849,0.902,0.887,1.084,0.0,0.703,0.595,0.649,0.757,0.811,0.802,29.73,11.0
normalized_alphafold3c_1.pdb,9.406,0.0004101110725081,0.748,1.0,,0.696,12.566,25.94,0.48,0.853,0.942,0.86,1.04,0.0,0.676,0.513,0.649,0.73,0.811,0.804,56.757,21.0
