,RMSD,P-VALUE,INF-ALL,INF-WC,INF-NWC,INF-STACK,DI,MCQ,TM-score,CAD,BARNABA-RMSD,BARNABA-eRMSD,BARNABA-eSCORE,CLASH,GDT-TS,GDT-TS@1,GDT-TS@2,GDT-TS@4,GDT-TS@8,lDDT,LCS-TA-COVERAGE-10,LCS-TA-RESIDUES-10
normalized_rhofold_7oaw_b.pdb,2.519,0.0,0.707,0.859,0.342,0.738,3.565,52.87,0.538,,,,0.918,0.0,0.412,0.137,0.196,0.333,0.98,0.606,3.922,2.0
normalized_alphafold3_7oaw_b.pdb,11.309,3.6278902982855854e-06,0.641,0.751,0.213,0.675,17.644,15.96,0.335,,,,1.541,0.0,0.23,0.157,0.157,0.216,0.392,0.505,39.216,20.0
normalized_rnacomposer_7oaw_b.pdb,13.242,0.0003223775324117,0.473,0.548,0.0,0.523,27.971,27.61,0.284,,,,0.818,0.0,0.275,0.157,0.176,0.294,0.471,0.396,17.647,9.0
normalized_rnajp_7oaw_b.pdb,13.882,0.0011203657348247,0.485,0.548,,0.524,28.646,26.0,0.234,,,,1.467,0.0,0.26,0.137,0.157,0.294,0.451,0.144,17.647,9.0
normalized_alphafold3c_4.pdb,11.201,2.734615339783364e-06,0.598,0.652,0.302,0.641,18.73,16.49,0.325,0.673,1.205,1.726,1.516,0.0,0.343,0.294,0.314,0.333,0.431,0.499,,
normalized_alphafold3c_1.pdb,11.815,1.3080672878196252e-05,0.636,0.669,0.302,0.691,18.583,15.63,0.407,0.67,1.27,1.708,1.536,0.0,0.338,0.294,0.314,0.333,0.412,0.514,,
normalized_alphafold3c_3.pdb,12.768,0.0001187994188359,0.63,0.652,0.302,0.691,20.254,15.89,0.33,0.655,1.395,1.706,1.503,0.0,0.338,0.294,0.314,0.333,0.412,0.498,,
normalized_alphafold3c_0.pdb,12.774,0.0001202699657091,0.61,0.635,0.213,0.675,20.952,15.91,0.356,0.672,1.379,1.693,1.506,0.0,0.338,0.294,0.314,0.333,0.412,0.519,,
normalized_alphafold3c_2.pdb,13.106,0.0002438428353476,0.62,0.652,0.174,0.693,21.148,17.24,0.326,0.666,1.406,1.674,1.487,0.0,0.338,0.294,0.314,0.333,0.412,0.513,,
