,RMSD,P-VALUE,INF-ALL,INF-WC,INF-NWC,INF-STACK,DI,MCQ,TM-score,CAD,BARNABA-RMSD,BARNABA-eRMSD,BARNABA-eSCORE,CLASH,GDT-TS,GDT-TS@1,GDT-TS@2,GDT-TS@4,GDT-TS@8,lDDT,LCS-TA-COVERAGE-10,LCS-TA-RESIDUES-10
normalized_rhofold_7os0_d.pdb,8.601,1.4065014375397313e-08,0.571,0.772,,0.517,15.062,,0.216,,,,0.461,0.0,0.175,0.085,0.128,0.192,0.298,0.508,,
normalized_alphafold3_7os0_d.pdb,14.713,0.0154836036468026,0.508,0.524,0.0,0.52,28.971,,0.18,,,,1.165,0.0,0.197,0.106,0.128,0.213,0.34,0.48,12.5,6.0
normalized_rnacomposer_7os0_d.pdb,19.516,0.695283060613469,0.661,0.837,,0.622,29.543,,0.183,,,,0.698,0.0,0.239,0.128,0.17,0.255,0.404,0.545,10.417,5.0
normalized_rnajp_7os0_d.pdb,,,0.339,0.0,0.0,0.443,,,0.152,,,,0.391,0.0,0.261,0.106,0.149,0.298,0.489,0.004,,
normalized_alphafold3c_0.pdb,8.392,7.193892204160335e-09,0.679,0.935,,0.615,12.361,,0.401,,,,0.726,0.0,0.543,0.34,0.425,0.596,0.808,0.607,,
normalized_alphafold3c_2.pdb,8.561,1.2363926382708e-08,0.614,1.0,,0.528,13.944,,0.351,,,,0.77,0.0,0.463,0.277,0.362,0.425,0.787,0.624,,
normalized_alphafold3c_3.pdb,8.925,3.878429860604271e-08,0.622,1.0,,0.536,14.35,,0.381,,,,0.768,0.0,0.495,0.34,0.383,0.468,0.787,0.639,,
normalized_alphafold3c_4.pdb,9.147,7.623499220787977e-08,0.681,1.0,0.0,0.623,13.427,,0.392,,,,0.73,0.0,0.505,0.34,0.404,0.532,0.745,0.653,,
normalized_alphafold3c_1.pdb,9.836,5.669673479036241e-07,0.669,1.0,,0.594,14.692,,0.407,,,,0.749,0.0,0.505,0.319,0.447,0.575,0.681,0.62,,
