,RMSD,P-VALUE,INF-ALL,INF-WC,INF-NWC,INF-STACK,DI,MCQ,TM-score,CAD,BARNABA-RMSD,BARNABA-eRMSD,BARNABA-eSCORE,CLASH,GDT-TS,GDT-TS@1,GDT-TS@2,GDT-TS@4,GDT-TS@8,lDDT,LCS-TA-COVERAGE-10,LCS-TA-RESIDUES-10
normalized_rhofold_7ozq_e.pdb,1.694,8.667122575189978e-12,0.811,0.943,0.0,0.851,2.09,42.13,0.445,,0.17,0.893,0.466,0.0,0.852,0.5,0.906,1.0,1.0,0.765,9.375,3.0
normalized_alphafold3_7ozq_e.pdb,8.986,0.0037266170130745,0.765,0.853,0.408,0.772,11.739,11.65,0.353,,0.967,1.279,0.782,0.0,0.648,0.438,0.688,0.719,0.75,0.712,90.625,29.0
normalized_rnacomposer_7ozq_e.pdb,9.092,0.0044314055932528,0.769,0.894,0.333,0.78,11.815,19.31,0.433,,0.987,1.327,0.57,0.0,0.695,0.625,0.688,0.719,0.75,0.691,62.5,20.0
normalized_rnajp_7ozq_e.pdb,,,0.596,0.0,,0.78,,,0.218,,,,0.465,0.0,0.312,0.188,0.281,0.312,0.469,0.047,25.0,8.0
normalized_alphafold3c_1.pdb,8.802,0.0027338877518271,0.795,0.853,0.0,0.838,11.07,10.22,0.406,0.841,0.936,1.224,0.731,0.0,0.672,0.531,0.656,0.719,0.781,0.742,96.875,31.0
normalized_alphafold3c_3.pdb,8.97,0.0036287623983678,0.81,0.853,0.408,0.838,11.072,10.07,0.363,0.833,0.953,1.233,0.732,0.0,0.672,0.531,0.656,0.719,0.781,0.73,96.875,31.0
normalized_alphafold3c_0.pdb,9.033,0.0040231254527223,0.81,0.853,0.408,0.838,11.149,10.95,0.398,0.841,0.968,1.234,0.731,0.0,0.664,0.5,0.656,0.719,0.781,0.744,90.625,29.0
normalized_alphafold3c_2.pdb,9.043,0.0040921256679849,0.81,0.853,0.408,0.838,11.161,10.97,0.411,0.843,0.972,1.25,0.754,0.0,0.664,0.5,0.656,0.719,0.781,0.753,90.625,29.0
normalized_alphafold3c_4.pdb,9.114,0.0045959409545676,0.8,0.853,0.408,0.822,11.393,10.61,0.395,0.845,0.965,1.241,0.739,0.0,0.68,0.531,0.688,0.719,0.781,0.744,93.75,30.0
