,RMSD,P-VALUE,INF-ALL,INF-WC,INF-NWC,INF-STACK,DI,MCQ,TM-score,CAD,BARNABA-RMSD,BARNABA-eRMSD,BARNABA-eSCORE,CLASH,GDT-TS,GDT-TS@1,GDT-TS@2,GDT-TS@4,GDT-TS@8,lDDT,LCS-TA-COVERAGE-10,LCS-TA-RESIDUES-10
normalized_rhofold_7r6l_b.pdb,11.804,0.774532513596663,0.32,,,0.32,36.909,70.46,0.106,,1.288,1.068,0.216,0.0,0.293,0.174,0.304,0.304,0.391,0.498,4.348,1.0
normalized_rnacomposer_7r6l_b.pdb,16.363,0.9994936809176592,0.49,,,0.589,33.375,38.66,0.118,,1.667,1.373,0.294,0.0,0.272,0.217,0.261,0.261,0.348,0.508,13.043,3.0
normalized_alphafold3_7r6l_b.pdb,21.105,0.9999999984017534,0.369,,,0.429,57.256,33.71,0.151,,2.129,1.746,0.635,0.0,0.293,0.217,0.217,0.304,0.435,0.553,17.391,4.0
normalized_rnajp_7r6l_b.pdb,,,0.5,,,0.612,,,0.16,,,,0.27,0.0,0.315,0.174,0.261,0.391,0.435,0.0,4.348,1.0
normalized_alphafold3c_2.pdb,13.548,0.957564871374704,0.375,,,0.375,36.129,33.42,0.193,0.536,1.417,1.11,0.87,0.0,0.348,0.174,0.261,0.435,0.522,0.396,,
normalized_alphafold3c_3.pdb,13.884,0.9718972608894106,0.354,,,0.354,39.269,33.93,0.182,0.534,1.455,1.1,0.81,0.0,0.359,0.217,0.261,0.391,0.565,0.393,,
normalized_alphafold3c_0.pdb,14.067,0.9778435342060696,0.426,,,0.426,32.989,33.19,0.171,0.537,1.516,1.099,0.754,0.0,0.38,0.217,0.261,0.435,0.609,0.393,,
normalized_alphafold3c_4.pdb,14.081,0.978271842110939,0.354,,,0.354,39.828,32.95,0.141,0.566,1.471,1.072,0.765,0.0,0.37,0.217,0.261,0.391,0.609,0.406,,
normalized_alphafold3c_1.pdb,16.833,0.9998058732496332,0.401,,,0.401,41.989,31.47,0.17,0.562,1.722,1.057,0.792,0.0,0.359,0.217,0.261,0.435,0.522,0.398,,
