,RMSD,P-VALUE,INF-ALL,INF-WC,INF-NWC,INF-STACK,DI,MCQ,TM-score,CAD,BARNABA-RMSD,BARNABA-eRMSD,BARNABA-eSCORE,CLASH,GDT-TS,GDT-TS@1,GDT-TS@2,GDT-TS@4,GDT-TS@8,lDDT,LCS-TA-COVERAGE-10,LCS-TA-RESIDUES-10
normalized_rhofold_7sba_z.pdb,9.817,1.974339091437293e-05,0.522,,,0.545,18.816,74.71,0.207,,0.977,0.849,0.272,0.0,0.407,0.14,0.279,0.535,0.674,0.57,2.326,1.0
normalized_rnacomposer_7sba_z.pdb,45.434,1.0,0.382,,,0.485,118.929,41.14,0.132,,4.495,1.705,0.427,0.0,0.169,0.093,0.14,0.163,0.279,0.507,2.326,1.0
normalized_rnajp_7sba_z.pdb,45.932,1.0,0.414,,,0.496,110.937,34.3,0.131,,4.512,1.828,0.668,0.0,0.174,0.163,0.163,0.163,0.209,0.053,,
normalized_alphafold3_7sba_z.pdb,46.492,1.0,0.387,,,0.461,120.291,30.2,0.137,,4.58,1.806,0.638,0.0,0.169,0.14,0.163,0.163,0.209,0.551,6.977,3.0
normalized_alphafold3c_2.pdb,11.045,0.0003034226565273,0.361,,,0.361,30.554,38.34,0.136,0.563,1.159,1.215,0.524,0.0,0.296,0.093,0.163,0.302,0.628,0.451,2.326,1.0
normalized_alphafold3c_3.pdb,11.597,0.0009001503848027,0.44,,,0.44,26.335,36.92,0.191,0.622,1.19,1.138,0.491,0.0,0.331,0.116,0.209,0.349,0.651,0.487,2.326,1.0
normalized_alphafold3c_0.pdb,12.067,0.0021157487430055,0.456,,,0.456,26.479,32.73,0.214,0.664,1.231,1.099,0.569,0.0,0.355,0.14,0.233,0.419,0.628,0.477,4.651,2.0
normalized_alphafold3c_4.pdb,13.273,0.014242602085581,0.58,,,0.58,22.894,32.75,0.259,0.684,1.356,1.063,0.534,0.0,0.366,0.116,0.279,0.395,0.674,0.47,6.977,3.0
normalized_alphafold3c_1.pdb,14.55,0.0693121759192878,0.537,,,0.557,27.108,33.58,0.227,0.677,1.479,1.274,0.47,0.0,0.395,0.209,0.302,0.442,0.628,0.532,6.977,3.0
