,RMSD,P-VALUE,INF-ALL,INF-WC,INF-NWC,INF-STACK,DI,MCQ,TM-score,CAD,BARNABA-RMSD,BARNABA-eRMSD,BARNABA-eSCORE,CLASH,GDT-TS,GDT-TS@1,GDT-TS@2,GDT-TS@4,GDT-TS@8,lDDT,LCS-TA-COVERAGE-10,LCS-TA-RESIDUES-10
normalized_rhofold_7sbb_x.pdb,11.528,0.0734002617702699,0.408,,,0.426,28.237,63.7,0.126,,1.143,0.995,0.169,0.0,0.303,0.151,0.182,0.333,0.545,0.539,,
normalized_rnacomposer_7sbb_x.pdb,31.64,1.0,0.527,,,0.609,60.032,50.57,0.137,,3.211,1.491,0.339,0.0,0.212,0.151,0.182,0.212,0.303,0.557,,
normalized_alphafold3_7sbb_x.pdb,37.628,1.0,0.589,,,0.7,63.888,40.56,0.134,,3.864,1.568,0.51,0.0,0.22,0.182,0.212,0.212,0.273,0.649,3.03,1.0
normalized_rnajp_7sbb_x.pdb,,,0.471,,,0.527,,,0.117,,,,0.205,0.0,0.212,0.151,0.182,0.242,0.273,0.006,3.03,1.0
normalized_alphafold3c_0.pdb,7.774,0.0002027319082445,0.754,,,0.754,10.313,45.71,0.165,0.849,0.885,0.726,0.597,0.0,0.477,0.151,0.394,0.606,0.758,0.624,3.03,1.0
normalized_alphafold3c_4.pdb,10.018,0.0110300440185426,0.548,,,0.548,18.291,47.13,0.184,0.759,1.024,0.917,0.343,0.0,0.439,0.212,0.364,0.545,0.636,0.568,3.03,1.0
normalized_alphafold3c_1.pdb,11.324,0.0589305323043045,0.635,,,0.635,17.832,39.22,0.119,0.842,1.265,0.797,0.452,0.0,0.318,0.182,0.242,0.364,0.485,0.643,3.03,1.0
normalized_alphafold3c_3.pdb,11.434,0.0664595802634563,0.601,,,0.601,19.028,40.61,0.136,0.849,1.279,0.79,0.496,0.0,0.311,0.182,0.242,0.364,0.455,0.639,3.03,1.0
normalized_alphafold3c_2.pdb,11.893,0.1060206079432621,0.647,,,0.647,18.377,41.92,0.098,0.829,1.366,0.844,0.416,0.0,0.295,0.151,0.212,0.333,0.485,0.61,3.03,1.0
