,RMSD,P-VALUE,INF-ALL,INF-WC,INF-NWC,INF-STACK,DI,MCQ,TM-score,CAD,BARNABA-RMSD,BARNABA-eRMSD,BARNABA-eSCORE,CLASH,GDT-TS,GDT-TS@1,GDT-TS@2,GDT-TS@4,GDT-TS@8,lDDT,LCS-TA-COVERAGE-10,LCS-TA-RESIDUES-10
normalized_rhofold_7tqv_h.pdb,6.319,6.968519716987753e-06,0.754,,,0.754,8.377,59.52,0.212,,0.683,0.615,0.34,0.0,0.348,0.182,0.242,0.455,0.515,0.678,3.03,1.0
normalized_rnacomposer_7tqv_h.pdb,24.44,0.999999994758179,0.548,,,0.671,44.621,22.85,0.157,,2.441,1.501,0.661,0.0,0.265,0.182,0.212,0.303,0.364,0.677,12.121,4.0
normalized_alphafold3_7tqv_h.pdb,29.436,1.0,0.727,,,0.854,40.471,8.54,0.191,,2.873,1.483,1.719,0.0,0.364,0.242,0.303,0.394,0.515,0.799,100.0,33.0
normalized_rnajp_7tqv_h.pdb,29.862,1.0,0.616,,,0.698,48.489,32.78,0.19,,2.917,1.692,0.718,0.0,0.273,0.121,0.242,0.333,0.394,0.0,9.091,3.0
normalized_alphafold3c_4.pdb,16.531,0.908059130164682,0.776,,,0.776,21.312,11.15,0.242,0.684,1.701,0.695,2.977,0.0,0.583,0.273,0.515,0.727,0.818,0.622,,
normalized_alphafold3c_0.pdb,16.569,0.9114349325583768,0.8,,,0.8,20.711,10.98,0.303,0.682,1.696,0.695,3.158,0.0,0.629,0.333,0.636,0.727,0.818,0.609,,
normalized_alphafold3c_1.pdb,16.742,0.9258909815767185,0.8,,,0.8,20.927,10.67,0.266,0.681,1.716,0.694,3.272,0.0,0.614,0.273,0.576,0.788,0.818,0.62,,
normalized_alphafold3c_3.pdb,16.778,0.9286737008337788,0.8,,,0.8,20.973,10.84,0.266,0.682,1.715,0.694,3.239,0.0,0.599,0.303,0.545,0.727,0.818,0.624,,
normalized_alphafold3c_2.pdb,17.045,0.9467678148412342,0.8,,,0.8,21.306,11.0,0.258,0.682,1.748,0.697,3.183,0.0,0.553,0.242,0.424,0.727,0.818,0.621,,
