,RMSD,P-VALUE,INF-ALL,INF-WC,INF-NWC,INF-STACK,DI,MCQ,TM-score,CAD,BARNABA-RMSD,BARNABA-eRMSD,BARNABA-eSCORE,CLASH,GDT-TS,GDT-TS@1,GDT-TS@2,GDT-TS@4,GDT-TS@8,lDDT,LCS-TA-COVERAGE-10,LCS-TA-RESIDUES-10
normalized_rnajp_7tqv_g.pdb,28.821,0.9999999999999998,0.573,,,0.692,50.328,21.81,0.206,,2.909,1.63,0.89,0.0,0.303,0.151,0.242,0.333,0.485,0.015,18.182,6.0
normalized_rnacomposer_7tqv_g.pdb,29.974,1.0,0.572,,,0.711,52.422,21.34,0.226,,2.949,1.604,0.583,0.0,0.341,0.212,0.273,0.364,0.515,0.684,6.061,2.0
normalized_rhofold_7tqv_g.pdb,30.261,1.0,0.58,,,0.765,52.14,53.25,0.137,,3.026,1.586,0.479,0.0,0.288,0.151,0.212,0.364,0.424,0.654,3.03,1.0
normalized_alphafold3_7tqv_g.pdb,31.021,1.0,0.643,,,0.763,48.231,19.19,0.226,,3.09,1.7,1.178,0.0,0.386,0.212,0.394,0.424,0.515,0.656,39.394,13.0
normalized_alphafold3c_0.pdb,4.914,1.4843179785284377e-07,0.881,,,0.881,5.58,12.27,0.25,0.882,0.516,0.486,3.113,0.0,0.621,0.333,0.515,0.697,0.939,0.813,,
normalized_alphafold3c_1.pdb,4.98,1.804485960654745e-07,0.881,,,0.881,5.655,11.67,0.271,0.881,0.529,0.487,3.218,0.0,0.636,0.303,0.515,0.788,0.939,0.811,,
normalized_alphafold3c_2.pdb,5.046,2.1853504189595085e-07,0.874,,,0.874,5.773,11.16,0.275,0.881,0.54,0.487,3.244,0.0,0.606,0.303,0.455,0.727,0.939,0.819,,
normalized_alphafold3c_4.pdb,5.193,3.342477185586113e-07,0.881,,,0.881,5.897,11.64,0.231,0.881,0.557,0.489,3.131,0.0,0.583,0.273,0.455,0.667,0.939,0.81,,
normalized_alphafold3c_3.pdb,5.318,4.772683829257218e-07,0.881,,,0.881,6.039,11.6,0.246,0.881,0.565,0.487,3.167,0.0,0.614,0.364,0.515,0.636,0.939,0.816,,
