,RMSD,P-VALUE,INF-ALL,INF-WC,INF-NWC,INF-STACK,DI,MCQ,TM-score,CAD,BARNABA-RMSD,BARNABA-eRMSD,BARNABA-eSCORE,CLASH,GDT-TS,GDT-TS@1,GDT-TS@2,GDT-TS@4,GDT-TS@8,lDDT,LCS-TA-COVERAGE-10,LCS-TA-RESIDUES-10
normalized_rhofold_7tr8_r.pdb,25.01,0.9999705497497736,0.165,,,0.195,151.613,69.42,0.16,,2.411,1.271,0.137,0.0,0.311,0.111,0.222,0.378,0.533,0.491,,
normalized_rnajp_7tr8_r.pdb,36.74,1.0,0.292,,,0.334,125.993,44.62,0.12,,3.664,1.685,0.187,0.0,0.172,0.133,0.156,0.156,0.244,0.045,2.222,1.0
normalized_rnacomposer_7tr8_r.pdb,39.116,1.0,0.249,,,0.286,157.378,37.27,0.109,,3.951,1.49,0.418,0.0,0.156,0.111,0.156,0.156,0.2,0.482,2.222,1.0
normalized_alphafold3_7tr8_r.pdb,40.908,1.0,0.36,,,0.413,113.619,36.77,0.101,,4.031,1.842,0.295,0.0,0.183,0.133,0.156,0.2,0.244,0.481,2.222,1.0
normalized_alphafold3c_1.pdb,25.51,0.999991260317268,0.276,,,0.315,92.417,43.52,0.143,0.544,2.534,1.499,0.285,0.0,0.239,0.111,0.178,0.244,0.422,0.4,2.222,1.0
normalized_alphafold3c_4.pdb,26.245,0.9999987206226996,0.272,,,0.302,96.653,43.75,0.119,0.583,2.612,1.498,0.237,0.0,0.206,0.111,0.156,0.2,0.356,0.439,2.222,1.0
normalized_alphafold3c_0.pdb,27.103,0.9999998892618248,0.322,,,0.338,84.086,42.84,0.113,0.573,2.712,1.15,0.159,0.0,0.228,0.133,0.133,0.222,0.422,0.457,2.222,1.0
normalized_alphafold3c_2.pdb,28.744,0.9999999994419854,0.454,,,0.495,63.375,44.12,0.127,0.594,2.878,1.316,0.15,0.0,0.233,0.111,0.156,0.244,0.422,0.449,2.222,1.0
normalized_alphafold3c_3.pdb,29.071,0.9999999998231686,0.371,,,0.378,78.437,40.92,0.129,0.551,2.896,1.245,0.19,0.0,0.211,0.111,0.133,0.222,0.378,0.464,2.222,1.0
