,RMSD,P-VALUE,INF-ALL,INF-WC,INF-NWC,INF-STACK,DI,MCQ,TM-score,CAD,BARNABA-RMSD,BARNABA-eRMSD,BARNABA-eSCORE,CLASH,GDT-TS,GDT-TS@1,GDT-TS@2,GDT-TS@4,GDT-TS@8,lDDT,LCS-TA-COVERAGE-10,LCS-TA-RESIDUES-10
normalized_rhofold_7v00_g.pdb,6.961,0.000317087576744,0.246,,,0.246,28.275,89.88,0.129,,0.649,1.156,0.122,0.0,0.467,0.133,0.333,0.5,0.9,0.534,,
normalized_rnajp_7v00_g.pdb,30.621,1.0,0.298,,,0.341,102.705,51.16,0.108,,3.006,1.793,0.29,0.0,0.233,0.167,0.233,0.233,0.3,0.0,3.333,1.0
normalized_rnacomposer_7v00_g.pdb,32.905,1.0,0.22,,,0.261,149.587,52.98,0.11,,3.218,1.828,0.222,0.0,0.225,0.133,0.233,0.233,0.3,0.514,,
normalized_alphafold3_7v00_g.pdb,36.935,1.0,0.136,,,0.167,271.413,46.24,0.119,,3.654,1.976,0.349,0.0,0.25,0.233,0.233,0.233,0.3,0.54,3.333,1.0
normalized_alphafold3c_4.pdb,13.811,0.6513074099093479,0.297,,,0.316,46.494,42.79,0.356,0.812,1.356,1.238,0.227,0.0,0.642,0.533,0.633,0.667,0.733,0.659,6.667,2.0
normalized_alphafold3c_0.pdb,14.3,0.7455646981313562,0.34,,,0.354,42.097,41.89,0.276,0.83,1.387,1.053,0.197,0.0,0.592,0.4,0.567,0.667,0.733,0.556,6.667,2.0
normalized_alphafold3c_2.pdb,14.827,0.8298965660512484,0.316,,,0.354,46.889,42.38,0.384,0.784,1.472,1.341,0.218,0.0,0.625,0.533,0.6,0.633,0.733,0.648,6.667,2.0
normalized_alphafold3c_3.pdb,14.899,0.8397793294856781,0.306,,,0.327,48.66,37.55,0.308,0.817,1.462,1.094,0.22,0.0,0.575,0.4,0.567,0.633,0.7,0.678,6.667,2.0
normalized_alphafold3c_1.pdb,15.013,0.8546706673208767,0.385,,,0.436,39.004,41.84,0.279,0.821,1.474,1.326,0.211,0.0,0.592,0.433,0.567,0.633,0.733,0.665,6.667,2.0
