,RMSD,P-VALUE,INF-ALL,INF-WC,INF-NWC,INF-STACK,DI,MCQ,TM-score,CAD,BARNABA-RMSD,BARNABA-eRMSD,BARNABA-eSCORE,CLASH,GDT-TS,GDT-TS@1,GDT-TS@2,GDT-TS@4,GDT-TS@8,lDDT,LCS-TA-COVERAGE-10,LCS-TA-RESIDUES-10
normalized_rnajp_7v94_b.pdb,20.258,0.0002765566079413,0.555,0.27,,0.672,36.502,24.97,0.172,,2.067,1.926,2.848,0.0,0.127,0.084,0.096,0.133,0.193,0.017,7.229,6.0
normalized_alphafold3_7v94_b.pdb,20.779,0.0007779374512122,0.566,0.104,,0.763,36.704,17.64,0.316,,2.149,2.04,3.543,0.0,0.139,0.108,0.12,0.145,0.181,0.432,13.253,11.0
normalized_rhofold_7v94_b.pdb,22.141,0.0080284021953447,0.178,0.085,,0.255,124.076,59.6,0.161,,2.311,2.581,0.403,0.0,0.093,0.048,0.072,0.096,0.157,0.189,,
normalized_rnacomposer_7v94_b.pdb,27.218,0.6602734559640508,0.544,0.265,,0.669,50.048,22.75,0.209,,2.839,1.853,2.045,0.0,0.136,0.096,0.108,0.145,0.193,0.411,8.434,7.0
normalized_alphafold3c_0.pdb,9.722,0.0,0.766,0.725,,0.782,12.699,17.49,0.524,0.733,1.026,1.267,2.96,0.0,0.482,0.181,0.349,0.566,0.831,0.571,14.458,12.0
normalized_alphafold3c_4.pdb,9.824,0.0,0.761,0.718,,0.785,12.906,17.97,0.503,0.716,1.035,1.308,2.861,0.0,0.488,0.217,0.386,0.53,0.819,0.569,10.843,9.0
normalized_alphafold3c_1.pdb,9.84,0.0,0.757,0.709,,0.782,12.999,18.2,0.456,0.723,1.036,1.382,2.93,0.0,0.44,0.169,0.301,0.506,0.783,0.553,12.048,10.0
normalized_alphafold3c_2.pdb,12.04,5.551115123125785e-16,0.727,0.63,,0.77,16.553,18.01,0.439,0.708,1.24,1.41,2.86,0.0,0.398,0.169,0.253,0.422,0.747,0.547,8.434,7.0
normalized_alphafold3c_3.pdb,12.698,9.769962616701378e-15,0.739,0.685,,0.76,17.187,19.73,0.474,0.701,1.314,1.46,2.899,0.0,0.437,0.181,0.277,0.494,0.795,0.526,4.819,4.0
