,RMSD,P-VALUE,INF-ALL,INF-WC,INF-NWC,INF-STACK,DI,MCQ,TM-score,CAD,BARNABA-RMSD,BARNABA-eRMSD,BARNABA-eSCORE,CLASH,GDT-TS,GDT-TS@1,GDT-TS@2,GDT-TS@4,GDT-TS@8,lDDT,LCS-TA-COVERAGE-10,LCS-TA-RESIDUES-10
normalized_rhofold_7vg2_d.pdb,24.623,0.9999999363412708,0.545,,,0.593,45.22,68.39,0.121,,2.537,1.547,0.24,0.0,0.257,0.139,0.222,0.278,0.389,0.572,,
normalized_alphafold3_7vg2_d.pdb,27.224,0.999999999991385,0.732,,,0.853,37.168,11.6,0.254,,2.829,1.49,1.915,0.0,0.326,0.25,0.278,0.361,0.417,0.822,50.0,18.0
normalized_rnacomposer_7vg2_d.pdb,28.412,0.9999999999999254,0.555,,,0.685,51.148,23.1,0.184,,2.91,1.598,0.706,0.0,0.34,0.194,0.306,0.389,0.472,0.623,19.444,7.0
normalized_rnajp_7vg2_d.pdb,28.971,0.9999999999999932,0.652,,,0.773,44.463,17.41,0.197,,2.995,1.519,1.129,0.0,0.347,0.222,0.306,0.389,0.472,0.042,19.444,7.0
normalized_alphafold3c_1.pdb,6.06,2.451359121247165e-07,0.904,,,0.904,6.706,9.42,0.23,0.917,0.64,0.374,2.991,0.0,0.535,0.278,0.361,0.556,0.944,0.856,,
normalized_alphafold3c_0.pdb,6.416,6.751609441524309e-07,0.885,,,0.885,7.247,10.21,0.317,0.916,0.68,0.378,3.222,0.0,0.542,0.278,0.417,0.556,0.917,0.848,,
normalized_alphafold3c_2.pdb,6.489,8.263535588581838e-07,0.904,,,0.904,7.18,9.35,0.317,0.918,0.682,0.373,3.05,0.0,0.535,0.278,0.389,0.556,0.917,0.854,,
normalized_alphafold3c_4.pdb,6.659,1.3179145471609033e-06,0.826,,,0.826,8.058,9.65,0.27,0.915,0.702,0.52,2.95,0.0,0.542,0.278,0.389,0.583,0.917,0.838,,
normalized_alphafold3c_3.pdb,6.758,1.725424715992574e-06,0.89,,,0.89,7.595,9.08,0.349,0.917,0.713,0.373,3.165,0.0,0.569,0.278,0.444,0.611,0.944,0.859,,
