,RMSD,P-VALUE,INF-ALL,INF-WC,INF-NWC,INF-STACK,DI,MCQ,TM-score,CAD,BARNABA-RMSD,BARNABA-eRMSD,BARNABA-eSCORE,CLASH,GDT-TS,GDT-TS@1,GDT-TS@2,GDT-TS@4,GDT-TS@8,lDDT,LCS-TA-COVERAGE-10,LCS-TA-RESIDUES-10
normalized_rnacomposer_7vg2_c.pdb,18.036,0.9641175779079928,0.515,,,0.585,35.043,35.62,0.23,,1.789,1.442,0.534,0.0,0.371,0.229,0.286,0.4,0.571,0.595,11.429,4.0
normalized_rhofold_7vg2_c.pdb,19.292,0.9937689886565704,0.623,,,0.623,30.952,73.47,0.182,,1.982,0.969,0.377,0.0,0.393,0.171,0.314,0.457,0.629,0.575,,
normalized_alphafold3_7vg2_c.pdb,23.273,0.9999987623101524,0.693,,,0.78,33.59,16.58,0.244,,2.311,1.49,1.544,0.0,0.436,0.257,0.4,0.486,0.6,0.751,37.143,13.0
normalized_rnajp_7vg2_c.pdb,27.848,0.9999999999997944,0.576,,,0.658,48.318,31.62,0.141,,2.716,1.453,0.622,0.0,0.321,0.171,0.257,0.4,0.457,0.0,,
normalized_alphafold3c_1.pdb,5.539,1.360529269800459e-07,0.952,,,0.952,5.819,12.25,0.279,0.957,0.565,0.303,2.271,0.0,0.579,0.314,0.371,0.657,0.971,0.909,48.571,17.0
normalized_alphafold3c_0.pdb,5.578,1.5247688578412524e-07,0.937,,,0.937,5.95,12.01,0.254,0.954,0.567,0.308,2.248,0.0,0.579,0.314,0.4,0.629,0.971,0.906,48.571,17.0
normalized_alphafold3c_4.pdb,5.686,2.094863594814811e-07,0.924,,,0.924,6.157,12.14,0.303,0.957,0.576,0.304,2.177,0.0,0.571,0.286,0.429,0.714,0.857,0.908,48.571,17.0
normalized_alphafold3c_2.pdb,5.81,2.999275116599698e-07,0.924,,,0.924,6.291,12.14,0.272,0.955,0.594,0.306,2.17,0.0,0.579,0.314,0.4,0.629,0.971,0.91,48.571,17.0
normalized_alphafold3c_3.pdb,6.133,7.480529519154899e-07,0.924,,,0.924,6.641,12.26,0.369,0.956,0.633,0.309,2.178,0.0,0.529,0.286,0.371,0.629,0.829,0.914,48.571,17.0
