,RMSD,P-VALUE,INF-ALL,INF-WC,INF-NWC,INF-STACK,DI,MCQ,TM-score,CAD,BARNABA-RMSD,BARNABA-eRMSD,BARNABA-eSCORE,CLASH,GDT-TS,GDT-TS@1,GDT-TS@2,GDT-TS@4,GDT-TS@8,lDDT,LCS-TA-COVERAGE-10,LCS-TA-RESIDUES-10
normalized_rhofold_7vti_b.pdb,8.004,1.8107509028864044e-06,0.604,0.667,0.0,0.631,13.253,59.11,0.243,,0.714,1.621,0.604,0.0,0.331,0.175,0.2,0.35,0.6,0.465,2.5,1.0
normalized_rnajp_7vti_b.pdb,9.559,8.213010861751746e-05,0.667,0.87,,0.611,14.328,30.41,0.228,,0.854,1.507,1.049,0.0,0.319,0.125,0.2,0.35,0.6,0.043,15.0,6.0
normalized_alphafold3_7vti_b.pdb,10.497,0.0005824136321568,0.692,0.721,0.0,0.718,15.163,20.16,0.209,,1.004,1.424,1.323,0.0,0.306,0.175,0.2,0.325,0.525,0.563,47.5,19.0
normalized_rnacomposer_7vti_b.pdb,12.059,0.0086686414418631,0.687,0.866,0.0,0.653,17.565,26.75,0.25,,1.132,1.435,0.662,0.0,0.325,0.175,0.25,0.325,0.55,0.51,25.0,10.0
normalized_alphafold3c_4.pdb,6.445,1.9207741064342088e-08,0.764,0.849,,0.754,8.438,26.11,0.283,0.726,0.563,1.436,1.191,0.0,0.588,0.225,0.4,0.75,0.975,0.543,25.0,10.0
normalized_alphafold3c_3.pdb,7.832,1.1349359851919871e-06,0.692,0.87,,0.643,11.313,23.82,0.199,0.728,0.699,1.354,1.2,0.0,0.537,0.25,0.4,0.625,0.875,0.533,22.5,9.0
normalized_alphafold3c_2.pdb,8.098,2.3274617054203084e-06,0.725,0.87,0.0,0.718,11.167,24.8,0.233,0.724,0.723,1.326,1.254,0.0,0.525,0.25,0.4,0.575,0.875,0.547,22.5,9.0
normalized_alphafold3c_1.pdb,8.285,3.803146474579133e-06,0.717,0.833,0.0,0.745,11.563,25.33,0.212,0.724,0.726,1.446,1.167,0.0,0.525,0.325,0.375,0.525,0.875,0.501,25.0,10.0
normalized_alphafold3c_0.pdb,8.437,5.6254646488840265e-06,0.734,0.833,,0.718,11.491,28.49,0.279,0.743,0.747,1.341,1.154,0.0,0.494,0.25,0.375,0.525,0.825,0.541,17.5,7.0
