,RMSD,P-VALUE,INF-ALL,INF-WC,INF-NWC,INF-STACK,DI,MCQ,TM-score,CAD,BARNABA-RMSD,BARNABA-eRMSD,BARNABA-eSCORE,CLASH,GDT-TS,GDT-TS@1,GDT-TS@2,GDT-TS@4,GDT-TS@8,lDDT,LCS-TA-COVERAGE-10,LCS-TA-RESIDUES-10
normalized_rhofold_7vyx_d.pdb,22.709,0.0017016513322049,0.446,0.0,0.0,0.593,50.932,57.06,0.172,,2.388,1.873,0.751,0.0,0.124,0.077,0.099,0.132,0.187,0.362,,
normalized_alphafold3_7vyx_d.pdb,23.48,0.0062009179304983,0.561,0.209,0.0,0.69,41.857,30.24,0.246,,2.434,1.878,1.957,0.0,0.124,0.066,0.099,0.143,0.187,0.453,1.099,1.0
normalized_rnacomposer_7vyx_d.pdb,24.183,0.0174326406951965,0.413,0.0,0.0,0.585,58.62,36.99,0.188,,2.52,2.011,1.27,0.0,0.124,0.077,0.11,0.132,0.176,0.357,1.099,1.0
normalized_rnajp_7vyx_d.pdb,25.224,0.062854822265907,0.501,0.245,0.0,0.602,50.359,36.48,0.302,,2.557,1.825,1.44,0.0,0.154,0.088,0.121,0.187,0.22,0.006,1.099,1.0
normalized_alphafold3c_4.pdb,21.572,0.0001852744162795,0.564,0.287,0.0,0.655,38.238,34.39,0.272,0.596,2.194,1.697,1.371,0.0,0.244,0.121,0.187,0.253,0.418,0.402,2.198,2.0
normalized_alphafold3c_1.pdb,25.669,0.0995475685259086,0.49,0.0,,0.614,52.342,35.63,0.23,0.539,2.606,1.845,1.223,0.0,0.143,0.088,0.099,0.165,0.22,0.288,1.099,1.0
normalized_alphafold3c_3.pdb,26.286,0.1732395718182343,0.513,0.111,,0.632,51.286,36.59,0.238,0.58,2.706,1.869,1.397,0.0,0.157,0.088,0.11,0.176,0.253,0.279,1.099,1.0
normalized_alphafold3c_0.pdb,27.71,0.4403323389471557,0.563,0.318,,0.632,49.259,34.78,0.222,0.583,2.864,1.599,1.305,0.0,0.203,0.099,0.143,0.264,0.308,0.395,1.099,1.0
normalized_alphafold3c_2.pdb,31.122,0.9595184987126149,0.516,0.0,0.0,0.641,60.287,35.52,0.196,0.565,3.194,1.803,1.184,0.0,0.14,0.088,0.11,0.165,0.198,0.326,1.099,1.0
