,RMSD,P-VALUE,INF-ALL,INF-WC,INF-NWC,INF-STACK,DI,MCQ,TM-score,CAD,BARNABA-RMSD,BARNABA-eRMSD,BARNABA-eSCORE,CLASH,GDT-TS,GDT-TS@1,GDT-TS@2,GDT-TS@4,GDT-TS@8,lDDT,LCS-TA-COVERAGE-10,LCS-TA-RESIDUES-10
normalized_rhofold_7x7r_j.pdb,11.176,0.868957361456833,0.16,,,0.16,69.796,73.38,0.105,,1.196,1.164,0.092,0.0,0.1,0.1,0.1,0.1,0.1,0.563,,
normalized_rnacomposer_7x7r_j.pdb,13.506,0.9921443838453764,0.0,,,0.0,inf,44.95,0.116,,1.317,1.347,0.073,0.0,0.1,0.1,0.1,0.1,0.1,0.455,5.0,1.0
normalized_rnajp_7x7r_j.pdb,13.91,0.9958563620374984,0.265,,,0.298,52.508,50.26,0.104,,1.366,1.48,0.105,0.0,0.1,0.1,0.1,0.1,0.1,0.0,,
normalized_alphafold3_7x7r_j.pdb,15.369,0.999720332392689,0.258,,,0.289,59.523,43.44,0.152,,1.512,1.527,0.201,0.0,0.1,0.1,0.1,0.1,0.1,0.583,5.0,1.0
normalized_alphafold3c_3.pdb,20.347,0.9999999997457868,0.365,,,0.365,55.723,51.8,0.168,0.377,2.026,1.241,0.078,0.0,0.338,0.2,0.25,0.35,0.55,0.338,,
normalized_alphafold3c_0.pdb,20.522,0.9999999998634383,0.408,,,0.408,50.267,59.26,0.108,0.363,2.046,1.221,0.083,0.0,0.325,0.2,0.25,0.4,0.45,0.305,,
normalized_alphafold3c_4.pdb,21.353,0.9999999999937896,0.365,,,0.365,58.478,52.63,0.186,0.38,2.068,1.176,0.11,0.0,0.325,0.2,0.25,0.35,0.5,0.34,,
normalized_alphafold3c_1.pdb,21.467,0.9999999999959926,0.471,,,0.471,45.537,63.1,0.113,0.31,2.129,1.296,0.043,0.0,0.338,0.2,0.3,0.35,0.5,0.301,,
normalized_alphafold3c_2.pdb,21.853,0.9999999999991244,0.408,,,0.408,53.528,59.03,0.137,0.36,2.136,1.232,0.072,0.0,0.325,0.2,0.25,0.4,0.45,0.306,,
