,RMSD,P-VALUE,INF-ALL,INF-WC,INF-NWC,INF-STACK,DI,MCQ,TM-score,CAD,BARNABA-RMSD,BARNABA-eRMSD,BARNABA-eSCORE,CLASH,GDT-TS,GDT-TS@1,GDT-TS@2,GDT-TS@4,GDT-TS@8,lDDT,LCS-TA-COVERAGE-10,LCS-TA-RESIDUES-10
normalized_rhofold_7ynb_c.pdb,11.296,0.2715846262081471,0.522,,,0.522,21.651,72.67,0.122,,1.084,1.052,0.125,0.0,0.295,0.143,0.214,0.357,0.464,0.536,,
normalized_rnacomposer_7ynb_c.pdb,29.488,1.0,0.296,,,0.389,99.562,44.14,0.114,,2.922,1.64,0.217,0.0,0.214,0.143,0.143,0.214,0.357,0.574,7.143,2.0
normalized_alphafold3_7ynb_c.pdb,30.985,1.0,0.494,,,0.592,62.67,30.37,0.116,,3.089,1.588,0.334,0.0,0.259,0.179,0.25,0.25,0.357,0.676,10.714,3.0
normalized_rnajp_7ynb_c.pdb,,,0.52,,,0.533,,,0.131,,,,0.221,0.0,0.232,0.143,0.179,0.286,0.321,0.0,,
normalized_alphafold3c_1.pdb,14.537,0.8833994593229306,0.676,,,0.676,21.5,33.32,0.119,0.778,1.543,0.868,0.388,0.0,0.304,0.179,0.214,0.321,0.5,0.649,,
normalized_alphafold3c_3.pdb,14.556,0.8854390926994378,0.685,,,0.685,21.244,32.45,0.108,0.797,1.623,0.844,0.448,0.0,0.295,0.179,0.214,0.321,0.464,0.659,,
normalized_alphafold3c_4.pdb,15.028,0.9285753917905172,0.646,,,0.646,23.262,31.02,0.152,0.776,1.658,0.888,0.419,0.0,0.286,0.179,0.214,0.321,0.429,0.648,,
normalized_alphafold3c_0.pdb,15.103,0.9340811988141956,0.661,,,0.661,22.864,32.92,0.16,0.78,1.65,0.884,0.416,0.0,0.312,0.179,0.25,0.357,0.464,0.64,,
normalized_alphafold3c_2.pdb,15.253,0.944068290656362,0.685,,,0.685,22.261,31.65,0.126,0.801,1.681,0.829,0.449,0.0,0.304,0.179,0.214,0.393,0.429,0.668,,
