,RMSD,P-VALUE,INF-ALL,INF-WC,INF-NWC,INF-STACK,DI,MCQ,TM-score,CAD,BARNABA-RMSD,BARNABA-eRMSD,BARNABA-eSCORE,CLASH,GDT-TS,GDT-TS@1,GDT-TS@2,GDT-TS@4,GDT-TS@8,lDDT,LCS-TA-COVERAGE-10,LCS-TA-RESIDUES-10
normalized_rnajp_7ync_b.pdb,38.531,1.0,0.355,,0.0,0.415,108.447,43.02,0.134,,3.794,1.628,0.454,0.0,0.204,0.132,0.158,0.237,0.289,0.019,2.632,1.0
normalized_rnacomposer_7ync_b.pdb,38.854,1.0,0.281,,0.0,0.361,138.132,42.59,0.093,,3.819,1.683,0.377,0.0,0.21,0.132,0.158,0.237,0.316,0.506,2.632,1.0
normalized_alphafold3_7ync_b.pdb,39.147,1.0,0.327,,0.0,0.396,119.662,36.48,0.115,,3.861,1.83,0.557,0.0,0.197,0.132,0.184,0.21,0.263,0.547,7.895,3.0
normalized_rhofold_7ync_b.pdb,41.324,1.0,0.386,,0.0,0.462,106.989,75.77,0.117,,4.154,1.777,0.255,0.0,0.204,0.132,0.184,0.237,0.263,0.504,2.632,1.0
normalized_alphafold3c_2.pdb,8.051,9.772935227969626e-06,0.31,,,0.323,25.965,40.42,0.306,0.52,0.761,1.158,0.371,0.0,0.342,0.105,0.132,0.395,0.737,0.473,7.895,3.0
normalized_alphafold3c_4.pdb,8.307,1.827918403468632e-05,0.31,,,0.323,26.788,40.03,0.338,0.51,0.789,1.152,0.386,0.0,0.329,0.105,0.132,0.395,0.684,0.473,7.895,3.0
normalized_alphafold3c_3.pdb,8.684,4.457147544439932e-05,0.318,,,0.331,27.297,40.56,0.347,0.517,0.844,1.138,0.407,0.0,0.322,0.105,0.158,0.368,0.658,0.45,7.895,3.0
normalized_alphafold3c_0.pdb,8.759,5.2843084899389936e-05,0.31,,,0.323,28.246,40.39,0.318,0.526,0.848,1.163,0.381,0.0,0.316,0.105,0.158,0.368,0.632,0.479,7.895,3.0
normalized_alphafold3c_1.pdb,8.945,8.043955022080107e-05,0.31,,,0.323,28.847,41.52,0.34,0.534,0.87,1.162,0.404,0.0,0.336,0.132,0.158,0.368,0.684,0.49,7.895,3.0
