,RMSD,P-VALUE,INF-ALL,INF-WC,INF-NWC,INF-STACK,DI,MCQ,TM-score,CAD,BARNABA-RMSD,BARNABA-eRMSD,BARNABA-eSCORE,CLASH,GDT-TS,GDT-TS@1,GDT-TS@2,GDT-TS@4,GDT-TS@8,lDDT,LCS-TA-COVERAGE-10,LCS-TA-RESIDUES-10
normalized_rnacomposer_7zoq_c.pdb,39.659,1.0,0.121,,,0.151,327.035,47.86,0.142,,3.885,1.764,0.49,0.0,0.173,0.103,0.128,0.179,0.282,0.493,5.128,2.0
normalized_rhofold_7zoq_c.pdb,40.292,1.0,0.208,,,0.257,193.7,85.53,0.132,,3.958,1.732,0.382,0.0,0.192,0.103,0.154,0.231,0.282,0.491,,
normalized_alphafold3_7zoq_c.pdb,40.601,1.0,0.258,,,0.312,157.458,42.42,0.149,,3.978,1.932,0.689,0.0,0.186,0.103,0.154,0.231,0.256,0.52,5.128,2.0
normalized_rnajp_7zoq_c.pdb,40.795,1.0,0.158,,,0.191,258.01,46.49,0.118,,4.018,1.818,0.735,0.0,0.186,0.103,0.154,0.231,0.256,0.042,2.564,1.0
normalized_alphafold3c_0.pdb,23.023,0.9999474683526386,0.25,,,0.277,92.094,44.62,0.226,0.567,2.296,1.648,0.564,0.0,0.25,0.128,0.154,0.282,0.436,0.44,5.128,2.0
normalized_alphafold3c_1.pdb,24.302,0.9999977746503383,0.267,,,0.309,90.931,48.8,0.246,0.602,2.401,1.559,0.412,0.0,0.244,0.128,0.179,0.231,0.436,0.387,5.128,2.0
normalized_alphafold3c_2.pdb,34.474,1.0,0.226,,,0.243,152.448,41.49,0.205,0.581,3.37,1.456,0.559,0.0,0.276,0.128,0.231,0.282,0.462,0.493,5.128,2.0
normalized_alphafold3c_4.pdb,39.182,1.0,0.328,,,0.406,119.36,39.81,0.197,0.625,3.816,1.691,0.533,0.0,0.269,0.128,0.154,0.256,0.538,0.501,7.692,3.0
normalized_alphafold3c_3.pdb,39.306,1.0,0.323,,,0.395,121.786,40.62,0.189,0.58,3.825,1.725,0.561,0.0,0.244,0.128,0.154,0.231,0.462,0.486,5.128,2.0
