,RMSD,P-VALUE,INF-ALL,INF-WC,INF-NWC,INF-STACK,DI,MCQ,TM-score,CAD,BARNABA-RMSD,BARNABA-eRMSD,BARNABA-eSCORE,CLASH,GDT-TS,GDT-TS@1,GDT-TS@2,GDT-TS@4,GDT-TS@8,lDDT,LCS-TA-COVERAGE-10,LCS-TA-RESIDUES-10
normalized_rhofold_8ane_r.pdb,36.215,0.9999999999999104,0.422,0.577,,0.396,85.892,78.8,0.145,,3.664,1.246,0.2,0.0,0.155,0.061,0.091,0.182,0.288,0.479,1.515,1.0
normalized_alphafold3_8ane_r.pdb,42.373,1.0,0.296,0.333,,0.288,143.114,42.68,0.121,,4.226,1.965,0.583,0.0,0.155,0.076,0.121,0.182,0.242,0.515,3.03,2.0
normalized_rnacomposer_8ane_r.pdb,42.595,1.0,0.154,0.0,,0.205,276.047,47.16,0.103,,4.257,1.924,0.388,0.0,0.125,0.076,0.106,0.121,0.197,0.415,1.515,1.0
normalized_rnajp_8ane_r.pdb,45.684,1.0,0.289,0.333,,0.289,158.253,48.37,0.128,,4.552,1.772,0.495,0.0,0.151,0.061,0.121,0.182,0.242,0.031,3.03,2.0
normalized_alphafold3c_4.pdb,36.849,0.999999999999994,0.247,0.354,,0.221,149.263,42.17,0.129,0.687,3.705,1.669,0.502,0.0,0.159,0.091,0.121,0.182,0.242,0.54,3.03,2.0
normalized_alphafold3c_3.pdb,37.746,1.0,0.263,0.378,,0.236,143.48,43.12,0.118,0.678,3.803,1.702,0.509,0.0,0.151,0.106,0.106,0.167,0.227,0.525,3.03,2.0
normalized_alphafold3c_2.pdb,38.007,1.0,0.28,0.324,,0.271,135.712,44.34,0.122,0.661,3.807,1.742,0.498,0.0,0.151,0.091,0.106,0.167,0.242,0.526,3.03,2.0
normalized_alphafold3c_0.pdb,40.037,1.0,0.302,0.309,,0.304,132.565,43.91,0.117,0.71,4.0,1.843,0.551,0.0,0.151,0.091,0.106,0.167,0.242,0.541,3.03,2.0
normalized_alphafold3c_1.pdb,40.709,1.0,0.3,0.309,,0.304,135.696,41.98,0.127,0.701,4.035,1.847,0.557,0.0,0.155,0.091,0.121,0.182,0.227,0.439,3.03,2.0
