,RMSD,P-VALUE,INF-ALL,INF-WC,INF-NWC,INF-STACK,DI,MCQ,TM-score,CAD,BARNABA-RMSD,BARNABA-eRMSD,BARNABA-eSCORE,CLASH,GDT-TS,GDT-TS@1,GDT-TS@2,GDT-TS@4,GDT-TS@8,lDDT,LCS-TA-COVERAGE-10,LCS-TA-RESIDUES-10
normalized_rnacomposer_8bvj_b.pdb,20.877,0.6061049934782679,0.392,0.612,,0.364,53.262,47.97,0.208,,2.099,1.408,0.512,0.0,0.145,0.091,0.127,0.164,0.2,0.536,3.636,2.0
normalized_alphafold3_8bvj_b.pdb,25.577,0.9980152747512094,0.416,0.5,0.0,0.422,61.433,47.18,0.262,,2.572,1.816,0.647,0.0,0.145,0.091,0.127,0.164,0.2,0.55,3.636,2.0
normalized_rnajp_8bvj_b.pdb,25.781,0.9986221517944642,0.469,0.612,0.0,0.479,55.021,49.77,0.214,,2.565,1.513,0.574,0.0,0.159,0.109,0.145,0.182,0.2,0.029,3.636,2.0
normalized_rhofold_8bvj_b.pdb,26.976,0.999872670513995,0.472,0.522,0.0,0.508,57.211,72.05,0.183,,2.709,1.593,0.486,0.0,0.132,0.073,0.109,0.145,0.2,0.548,1.818,1.0
normalized_alphafold3c_4.pdb,27.552,0.9999652087431984,0.081,0.0,0.0,0.096,341.915,56.02,0.14,0.233,2.724,1.796,0.303,0.0,0.141,0.073,0.109,0.164,0.218,0.212,,
normalized_alphafold3c_3.pdb,28.456,0.9999962625930344,0.079,0.0,0.0,0.092,359.379,54.15,0.127,0.274,2.823,1.884,0.315,0.0,0.145,0.073,0.127,0.164,0.218,0.23,,
normalized_alphafold3c_0.pdb,28.828,0.9999986108731482,0.045,0.0,0.0,0.053,634.222,55.07,0.16,0.262,2.86,1.872,0.28,0.0,0.141,0.073,0.109,0.164,0.218,0.192,,
normalized_alphafold3c_1.pdb,29.149,0.9999994267964638,0.082,0.0,0.0,0.098,355.21,53.34,0.121,0.284,2.882,1.899,0.29,0.0,0.154,0.073,0.127,0.182,0.236,0.221,,
normalized_alphafold3c_2.pdb,29.169,0.9999994578667216,0.125,0.0,0.0,0.151,232.538,52.75,0.159,0.284,2.894,1.826,0.278,0.0,0.164,0.073,0.145,0.182,0.255,0.203,,
