,RMSD,P-VALUE,INF-ALL,INF-WC,INF-NWC,INF-STACK,DI,MCQ,TM-score,CAD,BARNABA-RMSD,BARNABA-eRMSD,BARNABA-eSCORE,CLASH,GDT-TS,GDT-TS@1,GDT-TS@2,GDT-TS@4,GDT-TS@8,lDDT,LCS-TA-COVERAGE-10,LCS-TA-RESIDUES-10
normalized_rhofold_8d1v_j.pdb,10.667,0.0173242870368867,0.333,,0.0,0.364,32.002,91.64,0.113,,1.027,1.232,0.141,0.0,0.338,0.118,0.235,0.353,0.647,0.449,,
normalized_rnacomposer_8d1v_j.pdb,34.087,1.0,0.251,,,0.314,135.665,48.11,0.112,,3.338,1.801,0.358,0.0,0.25,0.176,0.206,0.294,0.324,0.472,2.941,1.0
normalized_alphafold3_8d1v_j.pdb,34.255,1.0,0.225,,0.0,0.275,151.961,43.69,0.157,,3.358,1.938,0.38,0.0,0.243,0.176,0.206,0.265,0.324,0.493,2.941,1.0
normalized_rnajp_8d1v_j.pdb,35.461,1.0,0.198,,0.0,0.257,179.068,46.57,0.109,,3.497,1.853,0.338,0.0,0.213,0.118,0.176,0.265,0.294,0.038,2.941,1.0
normalized_alphafold3c_2.pdb,7.395,4.240551564282935e-05,0.132,,,0.138,55.832,44.65,0.455,0.444,0.699,1.295,0.377,0.0,0.346,0.118,0.176,0.294,0.794,0.439,2.941,1.0
normalized_alphafold3c_1.pdb,7.514,5.566900519649032e-05,0.167,,,0.174,45.083,43.37,0.475,0.489,0.701,1.23,0.333,0.0,0.346,0.118,0.176,0.294,0.794,0.436,2.941,1.0
normalized_alphafold3c_4.pdb,7.707,8.59857361119043e-05,0.149,,,0.156,51.702,46.78,0.47,0.47,0.719,1.263,0.397,0.0,0.324,0.118,0.147,0.294,0.735,0.423,2.941,1.0
normalized_alphafold3c_3.pdb,7.709,8.627004295874707e-05,0.16,,,0.167,48.141,43.8,0.463,0.499,0.728,1.224,0.366,0.0,0.353,0.147,0.176,0.294,0.794,0.45,2.941,1.0
normalized_alphafold3c_0.pdb,7.783,0.0001016936815997,0.149,,,0.156,52.211,47.24,0.45,0.468,0.741,1.29,0.346,0.0,0.324,0.118,0.147,0.294,0.735,0.429,2.941,1.0
