,RMSD,P-VALUE,INF-ALL,INF-WC,INF-NWC,INF-STACK,DI,MCQ,TM-score,CAD,BARNABA-RMSD,BARNABA-eRMSD,BARNABA-eSCORE,CLASH,GDT-TS,GDT-TS@1,GDT-TS@2,GDT-TS@4,GDT-TS@8,lDDT,LCS-TA-COVERAGE-10,LCS-TA-RESIDUES-10
normalized_alphafold3_8d29_r.pdb,6.071,1.53497470600783e-06,0.787,0.822,,0.788,7.718,19.47,0.265,,0.682,1.016,1.062,0.0,0.581,0.353,0.529,0.647,0.794,0.733,38.235,13.0
normalized_rhofold_8d29_r.pdb,7.038,1.822007191837338e-05,0.676,0.572,0.0,0.759,10.41,48.99,0.198,,0.785,1.295,0.66,0.0,0.507,0.294,0.382,0.618,0.735,0.661,5.882,2.0
normalized_rnacomposer_8d29_r.pdb,7.041,1.838753882632549e-05,0.651,0.8,0.0,0.648,10.82,29.82,0.205,,0.732,1.261,0.575,0.0,0.485,0.206,0.324,0.588,0.824,0.627,8.824,3.0
normalized_rnajp_8d29_r.pdb,7.507,5.4819302198916287e-05,0.582,0.527,0.0,0.656,12.891,27.31,0.266,,0.823,1.75,0.66,0.0,0.493,0.324,0.353,0.559,0.735,0.028,14.706,5.0
normalized_alphafold3c_4.pdb,5.783,6.96483474393883e-07,0.754,0.763,1.0,0.743,7.672,17.74,0.286,0.886,0.602,1.017,0.991,0.0,0.566,0.353,0.471,0.588,0.853,0.765,67.647,23.0
normalized_alphafold3c_3.pdb,5.97,1.1657122476194104e-06,0.825,0.822,1.0,0.822,7.236,18.77,0.288,0.884,0.624,0.904,1.019,0.0,0.574,0.324,0.471,0.588,0.912,0.813,44.118,15.0
normalized_alphafold3c_2.pdb,6.147,1.883066905683517e-06,0.772,0.822,0.577,0.772,7.966,19.05,0.3,0.877,0.641,1.035,1.005,0.0,0.581,0.353,0.529,0.618,0.824,0.799,47.059,16.0
normalized_alphafold3c_1.pdb,6.211,2.232493677700731e-06,0.756,0.822,0.577,0.75,8.211,17.19,0.29,0.873,0.65,1.07,0.969,0.0,0.574,0.353,0.529,0.588,0.824,0.794,47.059,16.0
normalized_alphafold3c_0.pdb,6.247,2.461127048991596e-06,0.775,0.763,1.0,0.772,8.061,14.72,0.281,0.878,0.652,1.054,1.006,0.0,0.551,0.353,0.441,0.588,0.824,0.769,67.647,23.0
