,RMSD,P-VALUE,INF-ALL,INF-WC,INF-NWC,INF-STACK,DI,MCQ,TM-score,CAD,BARNABA-RMSD,BARNABA-eRMSD,BARNABA-eSCORE,CLASH,GDT-TS,GDT-TS@1,GDT-TS@2,GDT-TS@4,GDT-TS@8,lDDT,LCS-TA-COVERAGE-10,LCS-TA-RESIDUES-10
normalized_rhofold_8do6_i.pdb,7.147,1.075861160371172e-05,0.418,,,0.462,17.094,89.89,0.134,,0.607,1.019,0.217,0.0,0.429,0.143,0.229,0.429,0.914,0.513,,
normalized_alphafold3_8do6_i.pdb,36.886,1.0,0.526,,,0.608,70.094,27.87,0.137,,3.65,1.733,0.535,0.0,0.25,0.171,0.2,0.229,0.4,0.481,8.571,3.0
normalized_rnacomposer_8do6_i.pdb,36.972,1.0,0.272,,,0.336,135.945,39.68,0.125,,3.651,1.765,0.246,0.0,0.214,0.143,0.2,0.229,0.286,0.499,2.857,1.0
normalized_rnajp_8do6_i.pdb,38.992,1.0,0.428,,,0.51,91.085,30.57,0.119,,3.84,1.692,0.437,0.0,0.207,0.143,0.2,0.229,0.257,0.029,5.714,2.0
normalized_alphafold3c_3.pdb,11.816,0.0489799026363467,0.605,,,0.605,19.523,31.33,0.421,0.684,1.187,0.983,0.567,0.0,0.307,0.143,0.2,0.314,0.571,0.561,11.429,4.0
normalized_alphafold3c_2.pdb,12.019,0.0615266860570103,0.623,,,0.623,19.3,29.95,0.381,0.69,1.23,0.993,0.568,0.0,0.336,0.143,0.2,0.343,0.657,0.469,11.429,4.0
normalized_alphafold3c_4.pdb,12.049,0.0635755223254356,0.566,,,0.578,21.283,28.42,0.396,0.664,1.206,1.06,0.583,0.0,0.314,0.143,0.171,0.343,0.6,0.565,11.429,4.0
normalized_alphafold3c_1.pdb,12.096,0.0668928064582381,0.545,,,0.545,22.206,30.38,0.418,0.672,1.189,0.969,0.526,0.0,0.314,0.143,0.2,0.343,0.571,0.544,11.429,4.0
normalized_alphafold3c_0.pdb,12.134,0.0696670664949998,0.591,,,0.591,20.52,30.59,0.405,0.662,1.215,1.017,0.52,0.0,0.314,0.143,0.171,0.343,0.6,0.551,11.429,4.0
