,RMSD,P-VALUE,INF-ALL,INF-WC,INF-NWC,INF-STACK,DI,MCQ,TM-score,CAD,BARNABA-RMSD,BARNABA-eRMSD,BARNABA-eSCORE,CLASH,GDT-TS,GDT-TS@1,GDT-TS@2,GDT-TS@4,GDT-TS@8,lDDT,LCS-TA-COVERAGE-10,LCS-TA-RESIDUES-10
normalized_rnajp_8do6_j.pdb,12.737,0.7288703733101893,0.605,,,0.667,21.039,32.53,0.14,,1.308,1.148,0.242,0.0,0.269,0.192,0.231,0.269,0.385,0.0,7.692,2.0
normalized_rhofold_8do6_j.pdb,13.501,0.8493749473522108,0.605,,,0.605,22.3,62.76,0.137,,1.439,0.798,0.271,0.0,0.25,0.192,0.231,0.269,0.308,0.597,3.846,1.0
normalized_rnacomposer_8do6_j.pdb,23.011,0.9999999998667078,0.558,,,0.624,41.226,31.17,0.148,,2.363,1.226,0.43,0.0,0.279,0.154,0.269,0.308,0.385,0.669,7.692,2.0
normalized_alphafold3_8do6_j.pdb,28.887,1.0,0.587,,,0.65,49.2,27.01,0.122,,3.007,1.484,0.693,0.0,0.26,0.154,0.231,0.308,0.346,0.702,11.538,3.0
normalized_alphafold3c_3.pdb,9.036,0.0740317947265369,0.43,,,0.43,21.031,32.99,0.239,0.671,0.989,1.012,0.437,0.0,0.365,0.192,0.269,0.385,0.615,0.498,,
normalized_alphafold3c_2.pdb,9.048,0.074906832824329,0.445,,,0.445,20.343,32.41,0.242,0.674,0.995,1.019,0.467,0.0,0.346,0.154,0.269,0.346,0.615,0.494,,
normalized_alphafold3c_4.pdb,9.256,0.0927132072997882,0.43,,,0.43,21.543,34.45,0.22,0.669,1.013,1.009,0.462,0.0,0.317,0.192,0.231,0.308,0.538,0.489,,
normalized_alphafold3c_1.pdb,9.315,0.0982237874777325,0.43,,,0.43,21.679,33.06,0.243,0.672,1.018,0.989,0.486,0.0,0.337,0.192,0.231,0.385,0.538,0.504,,
normalized_alphafold3c_0.pdb,9.321,0.0988015336508574,0.43,,,0.43,21.693,31.92,0.223,0.675,1.013,0.969,0.434,0.0,0.337,0.154,0.231,0.385,0.577,0.496,,
