,RMSD,P-VALUE,INF-ALL,INF-WC,INF-NWC,INF-STACK,DI,MCQ,TM-score,CAD,BARNABA-RMSD,BARNABA-eRMSD,BARNABA-eSCORE,CLASH,GDT-TS,GDT-TS@1,GDT-TS@2,GDT-TS@4,GDT-TS@8,lDDT,LCS-TA-COVERAGE-10,LCS-TA-RESIDUES-10
normalized_rhofold_8e6w_8.pdb,28.08,0.999944711193664,0.187,,,0.207,149.906,66.27,0.087,,2.749,1.336,0.383,0.0,0.125,0.069,0.103,0.138,0.19,0.489,,
normalized_rnajp_8e6w_8.pdb,31.887,0.9999999988905488,0.088,,,0.095,362.162,56.34,0.089,,3.15,1.566,0.477,0.0,0.134,0.069,0.086,0.155,0.224,0.015,1.724,1.0
normalized_rnacomposer_8e6w_8.pdb,35.326,0.9999999999999984,0.18,,,0.207,195.894,56.78,0.082,,3.505,1.963,0.67,0.0,0.125,0.069,0.103,0.138,0.19,0.206,,
normalized_alphafold3_8e6w_8.pdb,35.385,0.9999999999999988,0.144,,,0.167,245.156,58.1,0.096,,3.512,1.853,0.785,0.0,0.142,0.086,0.103,0.155,0.224,0.502,,
normalized_alphafold3c_3.pdb,26.618,0.9988715656623528,0.081,,,0.085,329.252,56.86,0.115,0.537,2.66,1.412,0.739,0.0,0.134,0.069,0.086,0.138,0.241,0.504,,
normalized_alphafold3c_4.pdb,28.638,0.9999851899126676,0.157,,,0.165,182.254,56.87,0.083,0.52,2.845,1.374,0.85,0.0,0.138,0.069,0.103,0.155,0.224,0.523,,
normalized_alphafold3c_0.pdb,30.434,0.9999998854380286,0.081,,,0.086,376.45,58.23,0.09,0.561,3.028,1.413,0.774,0.0,0.142,0.086,0.103,0.155,0.224,0.517,,
normalized_alphafold3c_2.pdb,33.28,0.9999999999928612,0.082,,,0.087,407.596,58.14,0.136,0.563,3.315,1.4,0.744,0.0,0.155,0.086,0.103,0.155,0.276,0.473,1.724,1.0
normalized_alphafold3c_1.pdb,34.557,0.999999999999958,0.081,,,0.086,427.443,58.58,0.109,0.553,3.455,1.416,0.747,0.0,0.147,0.086,0.103,0.155,0.241,0.49,,
