,RMSD,P-VALUE,INF-ALL,INF-WC,INF-NWC,INF-STACK,DI,MCQ,TM-score,CAD,BARNABA-RMSD,BARNABA-eRMSD,BARNABA-eSCORE,CLASH,GDT-TS,GDT-TS@1,GDT-TS@2,GDT-TS@4,GDT-TS@8,lDDT,LCS-TA-COVERAGE-10,LCS-TA-RESIDUES-10
normalized_rnacomposer_8ewg_b.pdb,16.176,0.0065957645821923,0.342,0.306,,0.374,47.316,42.7,0.228,,1.688,1.953,0.83,0.0,0.188,0.125,0.143,0.196,0.286,0.467,7.143,4.0
normalized_rnajp_8ewg_b.pdb,19.101,0.19664499137119,0.298,0.333,0.0,0.304,64.067,44.03,0.209,,1.966,1.939,1.114,0.0,0.196,0.089,0.161,0.214,0.321,0.022,5.357,3.0
normalized_rhofold_8ewg_b.pdb,19.666,0.2945702795786261,0.249,0.185,0.0,0.309,78.908,62.78,0.181,,2.009,2.047,0.554,0.0,0.179,0.089,0.143,0.196,0.286,0.407,,
normalized_alphafold3_8ewg_b.pdb,24.983,0.9921080334859482,0.215,0.0,0.0,0.306,116.362,39.92,0.197,,2.586,2.221,1.178,0.0,0.183,0.107,0.143,0.214,0.268,0.364,8.929,5.0
normalized_alphafold3c_4.pdb,16.031,0.0052464840660124,0.279,0.333,0.0,0.274,57.446,40.44,0.189,,1.677,1.95,1.237,0.0,0.286,0.179,0.196,0.286,0.482,0.471,8.929,5.0
normalized_alphafold3c_3.pdb,17.48,0.0396968381338376,0.306,0.314,0.0,0.319,57.217,41.35,0.184,,1.87,1.936,1.036,0.0,0.25,0.161,0.196,0.268,0.375,0.421,8.929,5.0
normalized_alphafold3c_2.pdb,18.337,0.1005987991674582,0.277,0.323,0.0,0.274,66.236,41.38,0.219,,1.881,1.96,1.133,0.0,0.304,0.143,0.196,0.286,0.589,0.48,8.929,5.0
normalized_alphafold3c_0.pdb,20.781,0.5317448969859788,0.279,0.298,,0.283,74.466,41.32,0.2,,2.156,1.96,1.16,0.0,0.29,0.125,0.214,0.304,0.518,0.462,8.929,5.0
normalized_alphafold3c_1.pdb,20.945,0.5677586767337803,0.281,0.323,0.0,0.28,74.445,40.8,0.211,,2.147,1.948,1.15,0.0,0.308,0.179,0.196,0.304,0.554,0.455,8.929,5.0
