,RMSD,P-VALUE,INF-ALL,INF-WC,INF-NWC,INF-STACK,DI,MCQ,TM-score,CAD,BARNABA-RMSD,BARNABA-eRMSD,BARNABA-eSCORE,CLASH,GDT-TS,GDT-TS@1,GDT-TS@2,GDT-TS@4,GDT-TS@8,lDDT,LCS-TA-COVERAGE-10,LCS-TA-RESIDUES-10
normalized_rhofold_8f0n_b.pdb,7.882,5.30888555339004e-10,0.564,0.555,0.0,0.683,13.982,61.39,0.293,,,,0.523,0.0,0.388,0.143,0.327,0.408,0.673,0.355,2.041,1.0
normalized_rnacomposer_8f0n_b.pdb,11.9,5.489282169940379e-05,0.504,0.815,,0.471,23.631,34.75,0.227,,,,0.668,0.0,0.291,0.225,0.245,0.306,0.388,0.424,10.204,5.0
normalized_alphafold3_8f0n_b.pdb,13.369,0.001138319560154,0.579,0.846,0.0,0.612,23.102,30.22,0.281,,,,1.042,0.0,0.383,0.245,0.306,0.388,0.592,0.473,24.49,12.0
normalized_rnajp_8f0n_b.pdb,14.74,0.0110187750427587,0.576,0.74,0.0,0.644,25.59,32.97,0.215,,,,1.0,0.0,0.291,0.184,0.245,0.306,0.429,0.054,12.245,6.0
normalized_alphafold3c_1.pdb,12.003,6.93989341684631e-05,0.59,0.788,0.0,0.644,20.336,26.96,0.291,,,,1.156,0.0,0.388,0.245,0.306,0.367,0.633,0.436,24.49,12.0
normalized_alphafold3c_3.pdb,12.426,0.0001750246528399,0.579,0.788,0.0,0.626,21.473,30.18,0.282,,,,1.067,0.0,0.362,0.225,0.327,0.367,0.531,0.453,24.49,12.0
normalized_alphafold3c_4.pdb,12.786,0.0003684054993254,0.574,0.788,0.0,0.619,22.281,29.72,0.294,,,,1.061,0.0,0.383,0.265,0.306,0.367,0.592,0.432,24.49,12.0
normalized_alphafold3c_0.pdb,12.848,0.0004173796726551,0.581,0.815,0.0,0.63,22.127,27.68,0.296,,,,1.038,0.0,0.383,0.265,0.306,0.347,0.612,0.456,24.49,12.0
normalized_alphafold3c_2.pdb,13.013,0.0005787765348065,0.574,0.788,0.0,0.612,22.677,29.63,0.287,,,,1.042,0.0,0.347,0.245,0.286,0.347,0.51,0.457,22.449,11.0
