,RMSD,P-VALUE,INF-ALL,INF-WC,INF-NWC,INF-STACK,DI,MCQ,TM-score,CAD,BARNABA-RMSD,BARNABA-eRMSD,BARNABA-eSCORE,CLASH,GDT-TS,GDT-TS@1,GDT-TS@2,GDT-TS@4,GDT-TS@8,lDDT,LCS-TA-COVERAGE-10,LCS-TA-RESIDUES-10
normalized_rhofold_8ff5_m.pdb,13.033,1.3655518626976004e-07,0.483,1.0,0.0,0.459,26.956,73.45,0.233,,1.333,1.034,0.325,0.0,0.325,0.079,0.191,0.444,0.587,0.526,,
normalized_rnajp_8ff5_m.pdb,46.942,1.0,0.376,0.0,0.0,0.511,124.83,42.26,0.104,,4.775,1.724,0.77,0.0,0.139,0.111,0.111,0.127,0.206,0.073,1.587,1.0
normalized_rnacomposer_8ff5_m.pdb,47.583,1.0,0.295,0.0,0.0,0.397,161.044,42.3,0.088,,4.858,1.67,0.684,0.0,0.131,0.095,0.111,0.127,0.191,0.482,3.175,2.0
normalized_alphafold3_8ff5_m.pdb,54.279,1.0,0.29,0.0,,0.401,187.373,40.18,0.098,,5.463,1.956,0.896,0.0,0.131,0.095,0.111,0.127,0.191,0.478,4.762,3.0
normalized_alphafold3c_2.pdb,34.218,0.99999999998302,0.377,,,0.442,90.712,40.44,0.186,0.665,3.447,1.137,0.452,0.0,0.202,0.095,0.127,0.238,0.349,0.518,3.175,2.0
normalized_alphafold3c_1.pdb,35.063,0.9999999999993656,0.413,,,0.484,84.864,39.5,0.216,0.697,3.528,1.116,0.433,0.0,0.25,0.143,0.254,0.27,0.333,0.549,3.175,2.0
normalized_alphafold3c_4.pdb,36.795,0.9999999999999996,0.35,,,0.41,105.247,38.55,0.198,0.674,3.718,1.133,0.469,0.0,0.23,0.127,0.238,0.254,0.302,0.535,3.175,2.0
normalized_alphafold3c_0.pdb,36.828,0.9999999999999996,0.445,,,0.522,82.768,40.02,0.18,0.674,3.714,1.178,0.4,0.0,0.198,0.127,0.175,0.222,0.27,0.521,4.762,3.0
normalized_alphafold3c_3.pdb,38.575,1.0,0.431,,,0.505,89.537,40.52,0.198,0.672,3.891,1.14,0.467,0.0,0.218,0.143,0.222,0.238,0.27,0.539,3.175,2.0
