,RMSD,P-VALUE,INF-ALL,INF-WC,INF-NWC,INF-STACK,DI,MCQ,TM-score,CAD,BARNABA-RMSD,BARNABA-eRMSD,BARNABA-eSCORE,CLASH,GDT-TS,GDT-TS@1,GDT-TS@2,GDT-TS@4,GDT-TS@8,lDDT,LCS-TA-COVERAGE-10,LCS-TA-RESIDUES-10
normalized_rnajp_8fn6_g.pdb,5.983,9.981238058287543e-12,,,,,,22.63,0.441,,0.592,0.953,2.952,0.0,0.658,0.283,0.609,0.826,0.913,0.301,19.565,9.0
normalized_alphafold3_8fn6_g.pdb,8.56,6.651543554836439e-08,,,,,,16.7,0.483,,0.922,1.665,3.991,0.0,0.554,0.261,0.37,0.739,0.848,0.633,39.13,18.0
normalized_rhofold_8fn6_g.pdb,9.566,1.2020552477287616e-06,,,,,,51.14,0.38,,1.02,1.355,1.066,0.0,0.603,0.261,0.587,0.739,0.826,0.655,2.174,1.0
normalized_rnacomposer_8fn6_g.pdb,9.639,1.4655691422116313e-06,,,,,,24.28,0.392,,0.976,1.689,2.618,0.0,0.489,0.261,0.37,0.457,0.87,0.56,23.913,11.0
normalized_alphafold3c_2.pdb,15.419,0.0715677694118285,0.35,0.0,,0.615,44.06,23.28,0.371,0.639,1.563,2.042,2.742,0.0,0.288,0.217,0.261,0.283,0.391,0.372,32.609,15.0
normalized_alphafold3c_1.pdb,19.476,0.7850617235005768,0.415,0.0,,0.667,46.969,19.31,0.251,0.697,2.011,1.635,1.947,0.0,0.293,0.152,0.196,0.348,0.478,0.45,28.261,13.0
normalized_alphafold3c_4.pdb,23.494,0.9987441664379944,0.338,0.0,,0.549,69.573,23.92,0.304,0.616,2.36,2.003,2.235,0.0,0.293,0.174,0.239,0.283,0.478,0.401,28.261,13.0
normalized_alphafold3c_0.pdb,23.767,0.9992470037345932,0.389,0.0,,0.651,61.046,25.18,0.255,0.633,2.312,1.924,1.02,0.0,0.31,0.217,0.217,0.326,0.478,0.402,23.913,11.0
normalized_alphafold3c_3.pdb,26.478,0.99999856233911,0.251,,,0.346,105.358,29.23,0.114,0.614,2.645,1.77,0.175,0.0,0.201,0.13,0.174,0.217,0.283,0.299,10.87,5.0
