,RMSD,P-VALUE,INF-ALL,INF-WC,INF-NWC,INF-STACK,DI,MCQ,TM-score,CAD,BARNABA-RMSD,BARNABA-eRMSD,BARNABA-eSCORE,CLASH,GDT-TS,GDT-TS@1,GDT-TS@2,GDT-TS@4,GDT-TS@8,lDDT,LCS-TA-COVERAGE-10,LCS-TA-RESIDUES-10
normalized_alphafold3_8gh6_r.pdb,15.458,0.3727824940233979,0.55,0.381,0.0,0.643,28.105,23.03,0.227,,1.623,1.77,1.355,0.0,0.179,0.154,0.179,0.179,0.205,0.52,12.821,5.0
normalized_rnacomposer_8gh6_r.pdb,15.757,0.4370061783222314,0.506,0.402,0.0,0.582,31.117,33.02,0.196,,1.632,1.823,0.878,0.0,0.167,0.128,0.154,0.179,0.205,0.48,10.256,4.0
normalized_rnajp_8gh6_r.pdb,15.899,0.46827569211495,0.535,0.402,0.0,0.629,29.744,32.18,0.231,,1.6,1.729,1.111,0.0,0.167,0.128,0.154,0.179,0.205,0.018,7.692,3.0
normalized_rhofold_8gh6_r.pdb,21.248,0.998086229648061,0.269,0.0,0.0,0.387,79.009,77.02,0.106,,2.206,2.083,0.298,0.0,0.167,0.128,0.154,0.179,0.205,0.302,,
normalized_alphafold3c_1.pdb,28.633,0.9999999999986764,0.211,0.0,,0.291,135.821,32.54,0.116,0.075,2.939,1.85,0.349,0.0,0.16,0.154,0.154,0.154,0.179,0.068,,
normalized_alphafold3c_3.pdb,32.688,1.0,0.239,,,0.291,136.742,32.05,0.09,0.053,3.334,1.785,0.197,0.0,0.083,0.077,0.077,0.077,0.103,0.063,,
normalized_alphafold3c_2.pdb,34.068,1.0,0.079,,,0.096,430.932,31.8,0.096,0.047,3.444,1.844,0.089,0.0,0.07,0.026,0.077,0.077,0.103,0.05,,
normalized_alphafold3c_0.pdb,35.13,1.0,0.194,,,0.236,181.412,30.65,0.092,0.053,3.608,1.805,0.148,0.0,0.09,0.077,0.077,0.103,0.103,0.066,,
normalized_alphafold3c_4.pdb,35.194,1.0,0.2,0.0,,0.291,175.971,32.19,0.121,0.075,3.572,1.892,0.318,0.0,0.167,0.154,0.154,0.179,0.179,0.063,,
