,RMSD,P-VALUE,INF-ALL,INF-WC,INF-NWC,INF-STACK,DI,MCQ,TM-score,CAD,BARNABA-RMSD,BARNABA-eRMSD,BARNABA-eSCORE,CLASH,GDT-TS,GDT-TS@1,GDT-TS@2,GDT-TS@4,GDT-TS@8,lDDT,LCS-TA-COVERAGE-10,LCS-TA-RESIDUES-10
normalized_rnacomposer_8gkh_w.pdb,17.469,1.163178394125719e-05,0.7,0.906,,0.609,24.947,31.7,0.216,,1.859,1.259,1.111,0.0,0.243,0.158,0.21,0.237,0.368,0.57,6.579,5.0
normalized_rhofold_8gkh_w.pdb,27.903,0.9412958287514744,0.401,0.0,,0.566,69.55,54.61,0.267,,2.863,1.96,0.601,0.0,0.155,0.079,0.132,0.184,0.224,0.337,1.316,1.0
normalized_alphafold3_8gkh_w.pdb,32.064,0.9999472032418802,0.444,0.0,,0.63,72.248,22.23,0.314,,3.281,2.104,2.896,0.0,0.178,0.105,0.171,0.197,0.237,0.392,7.895,6.0
normalized_rnajp_8gkh_w.pdb,32.603,0.9999852299561632,0.417,0.0,,0.587,78.126,32.36,0.293,,3.323,1.982,2.126,0.0,0.155,0.079,0.118,0.158,0.263,0.035,5.263,4.0
normalized_alphafold3c_2.pdb,6.936,0.0,0.748,0.858,,0.711,9.278,26.09,0.427,0.77,0.685,1.175,2.179,0.0,0.398,0.158,0.25,0.368,0.816,0.627,7.895,6.0
normalized_alphafold3c_3.pdb,9.237,0.0,0.739,0.804,,0.733,12.496,25.68,0.438,0.78,0.971,1.187,2.072,0.0,0.345,0.158,0.289,0.368,0.566,0.641,7.895,6.0
normalized_alphafold3c_4.pdb,9.442,0.0,0.735,0.854,,0.697,12.847,28.46,0.356,0.764,0.988,1.155,2.161,0.0,0.352,0.197,0.303,0.355,0.553,0.601,6.579,5.0
normalized_alphafold3c_0.pdb,10.914,1.7208456881689926e-15,0.743,0.853,,0.714,14.692,26.03,0.371,0.76,1.159,1.167,2.036,0.0,0.342,0.145,0.263,0.382,0.579,0.597,7.895,6.0
normalized_alphafold3c_1.pdb,11.059,3.3306690738754696e-15,0.745,0.827,,0.72,14.839,27.06,0.352,0.76,1.186,1.169,2.007,0.0,0.303,0.118,0.21,0.355,0.526,0.614,7.895,6.0
