,RMSD,P-VALUE,INF-ALL,INF-WC,INF-NWC,INF-STACK,DI,MCQ,TM-score,CAD,BARNABA-RMSD,BARNABA-eRMSD,BARNABA-eSCORE,CLASH,GDT-TS,GDT-TS@1,GDT-TS@2,GDT-TS@4,GDT-TS@8,lDDT,LCS-TA-COVERAGE-10,LCS-TA-RESIDUES-10
normalized_alphafold3_8gxb_b.pdb,9.071,6.855072065548029e-13,0.667,0.897,0.342,0.662,13.598,20.4,0.313,,0.939,1.711,1.306,0.0,0.402,0.18,0.311,0.475,0.639,0.534,13.115,8.0
normalized_rhofold_8gxb_b.pdb,13.645,2.7334088097408227e-06,0.338,0.109,0.0,0.477,40.397,68.65,0.177,,1.473,2.287,0.312,0.0,0.197,0.082,0.147,0.213,0.344,0.266,1.639,1.0
normalized_rnajp_8gxb_b.pdb,19.924,0.1452030360074495,0.535,0.403,0.0,0.659,37.258,28.75,0.255,,2.086,1.97,0.878,0.0,0.311,0.164,0.279,0.344,0.459,0.003,9.836,6.0
normalized_rnacomposer_8gxb_b.pdb,24.266,0.9122396688222716,0.536,0.772,,0.523,45.239,31.44,0.252,,2.493,1.779,0.69,0.0,0.307,0.18,0.295,0.361,0.393,0.376,11.475,7.0
normalized_alphafold3c_1.pdb,8.508,6.83342271656784e-14,0.686,0.964,0.101,0.734,12.4,17.63,0.344,0.728,0.858,1.545,1.282,0.0,0.467,0.328,0.344,0.492,0.705,0.561,50.82,31.0
normalized_alphafold3c_0.pdb,8.573,8.96505092384814e-14,0.683,0.964,0.114,0.714,12.549,18.83,0.311,0.706,0.863,1.641,1.232,0.0,0.459,0.295,0.344,0.475,0.721,0.5,49.18,30.0
normalized_alphafold3c_4.pdb,9.015,5.47895062652515e-13,0.677,0.964,0.114,0.705,13.319,17.99,0.354,0.722,0.907,1.591,1.22,0.0,0.463,0.311,0.344,0.508,0.689,0.541,47.541,29.0
normalized_alphafold3c_3.pdb,9.176,1.0413336859471656e-12,0.668,0.964,0.0,0.675,13.743,19.84,0.29,0.719,0.921,1.579,1.26,0.0,0.451,0.311,0.344,0.492,0.656,0.558,34.426,21.0
normalized_alphafold3c_2.pdb,9.231,1.2973511154257269e-12,0.652,1.0,0.0,0.652,14.162,20.52,0.324,0.696,0.925,1.658,1.273,0.0,0.443,0.311,0.344,0.475,0.639,0.5,47.541,29.0
