,RMSD,P-VALUE,INF-ALL,INF-WC,INF-NWC,INF-STACK,DI,MCQ,TM-score,CAD,BARNABA-RMSD,BARNABA-eRMSD,BARNABA-eSCORE,CLASH,GDT-TS,GDT-TS@1,GDT-TS@2,GDT-TS@4,GDT-TS@8,lDDT,LCS-TA-COVERAGE-10,LCS-TA-RESIDUES-10
normalized_rhofold_8h7q_d.pdb,40.495,1.0,0.094,,,0.102,432.364,70.19,0.135,,4.109,1.377,0.227,0.0,0.215,0.167,0.194,0.222,0.278,0.536,,
normalized_alphafold3_8h7q_d.pdb,41.788,1.0,0.383,,,0.433,109.235,45.84,0.126,,4.183,1.671,0.225,0.0,0.181,0.139,0.167,0.194,0.222,0.52,2.778,1.0
normalized_rnacomposer_8h7q_d.pdb,42.094,1.0,0.213,,,0.255,197.438,46.76,0.126,,4.212,1.673,0.159,0.0,0.181,0.111,0.167,0.194,0.25,0.541,2.778,1.0
normalized_rnajp_8h7q_d.pdb,42.314,1.0,0.14,,,0.174,302.184,51.78,0.114,,4.22,1.773,0.24,0.0,0.194,0.139,0.167,0.194,0.278,0.021,,
normalized_alphafold3c_0.pdb,10.414,0.0045145761853473,0.435,,,0.435,23.93,51.83,0.215,0.609,1.058,0.991,0.372,0.0,0.299,0.111,0.194,0.278,0.611,0.53,2.778,1.0
normalized_alphafold3c_1.pdb,10.587,0.0059491570386356,0.408,,,0.408,25.932,49.84,0.206,0.608,1.043,0.979,0.435,0.0,0.285,0.139,0.222,0.278,0.5,0.512,,
normalized_alphafold3c_2.pdb,11.418,0.0200195275796925,0.34,,,0.34,33.614,46.31,0.123,0.605,1.007,0.939,0.385,0.0,0.319,0.139,0.222,0.361,0.556,0.49,2.778,1.0
normalized_alphafold3c_3.pdb,13.377,0.1673303722074238,0.396,,,0.396,33.776,51.36,0.241,0.581,1.42,0.927,0.33,0.0,0.285,0.111,0.194,0.278,0.556,0.503,,
normalized_alphafold3c_4.pdb,14.173,0.3005367655498809,0.435,,,0.435,32.567,54.14,0.153,0.616,1.368,0.945,0.32,0.0,0.306,0.139,0.194,0.333,0.556,0.533,2.778,1.0
