,RMSD,P-VALUE,INF-ALL,INF-WC,INF-NWC,INF-STACK,DI,MCQ,TM-score,CAD,BARNABA-RMSD,BARNABA-eRMSD,BARNABA-eSCORE,CLASH,GDT-TS,GDT-TS@1,GDT-TS@2,GDT-TS@4,GDT-TS@8,lDDT,LCS-TA-COVERAGE-10,LCS-TA-RESIDUES-10
normalized_rhofold_8hb8_a.pdb,13.194,3.1751614253228144e-05,0.443,0.418,0.0,0.546,29.807,68.08,0.265,0.498,,,0.672,0.0,0.336,0.145,0.236,0.382,0.582,0.358,1.818,1.0
normalized_alphafold3_8hb8_a.pdb,13.771,0.000117344282798,0.482,0.358,0.0,0.6,28.563,23.67,0.261,0.539,,,1.531,0.0,0.341,0.164,0.273,0.4,0.527,0.33,12.727,7.0
normalized_rnajp_8hb8_a.pdb,20.793,0.5880569046195103,0.357,0.4,0.0,0.4,58.196,33.63,0.23,0.486,,,1.01,0.0,0.268,0.145,0.236,0.327,0.364,0.002,9.091,5.0
normalized_rnacomposer_8hb8_a.pdb,22.66,0.8961312367528673,0.519,0.615,,0.552,43.702,26.34,0.182,0.514,,,0.955,0.0,0.227,0.145,0.164,0.255,0.345,0.289,12.727,7.0
normalized_alphafold3c_1.pdb,11.869,1.0952069988134916e-06,0.592,0.881,0.0,0.599,20.036,22.12,0.284,0.568,1.295,1.759,1.323,0.0,0.323,0.182,0.255,0.291,0.564,0.362,12.727,7.0
normalized_alphafold3c_0.pdb,13.094,2.5078410840984056e-05,0.486,0.358,0.236,0.581,26.954,22.02,0.27,0.516,1.323,2.136,1.54,0.0,0.341,0.182,0.273,0.382,0.527,0.393,12.727,7.0
normalized_alphafold3c_2.pdb,13.535,6.964059087016805e-05,0.493,0.371,0.236,0.587,27.439,24.11,0.279,0.542,1.373,2.165,1.488,0.0,0.35,0.182,0.273,0.436,0.509,0.371,12.727,7.0
normalized_alphafold3c_4.pdb,13.772,0.0001174585713993,0.466,0.358,0.0,0.593,29.585,23.71,0.245,0.528,1.402,2.143,1.457,0.0,0.336,0.164,0.255,0.418,0.509,0.338,12.727,7.0
normalized_alphafold3c_3.pdb,14.608,0.0006559512792864,0.466,0.347,0.0,0.581,31.382,22.76,0.279,0.539,1.478,2.175,1.508,0.0,0.336,0.182,0.273,0.382,0.509,0.369,12.727,7.0
