,RMSD,P-VALUE,INF-ALL,INF-WC,INF-NWC,INF-STACK,DI,MCQ,TM-score,CAD,BARNABA-RMSD,BARNABA-eRMSD,BARNABA-eSCORE,CLASH,GDT-TS,GDT-TS@1,GDT-TS@2,GDT-TS@4,GDT-TS@8,lDDT,LCS-TA-COVERAGE-10,LCS-TA-RESIDUES-10
normalized_rhofold_8hsr_r.pdb,10.265,0.0833645050882273,0.333,,,0.333,30.796,81.98,0.059,,,,0.043,0.0,0.0,0.0,0.0,0.0,0.0,0.474,,
normalized_alphafold3_8hsr_r.pdb,23.77,0.9999999995310532,0.539,,,0.588,44.115,29.84,0.22,,,,1.335,0.0,0.0,0.0,0.0,0.0,0.0,0.727,20.69,6.0
normalized_rnacomposer_8hsr_r.pdb,26.478,0.9999999999999876,0.316,,,0.316,83.729,33.06,0.067,,,,0.031,0.0,0.0,0.0,0.0,0.0,0.0,0.567,3.448,1.0
normalized_rnajp_8hsr_r.pdb,30.085,1.0,0.385,,,0.444,78.164,39.22,0.157,,,,0.355,0.0,0.0,0.0,0.0,0.0,0.0,0.0,10.345,3.0
normalized_alphafold3c_1.pdb,24.465,0.999999999961325,0.5,,,0.527,48.929,59.8,0.122,,2.521,1.084,0.146,0.0,0.0,0.0,0.0,0.0,0.0,0.191,,
normalized_alphafold3c_4.pdb,25.573,0.9999999999994656,0.5,,,0.527,51.146,56.04,0.122,,2.656,1.085,0.142,0.0,0.0,0.0,0.0,0.0,0.0,0.199,,
normalized_alphafold3c_2.pdb,26.881,0.999999999999998,0.5,,,0.527,53.762,61.39,0.102,,2.741,1.082,0.12,0.0,0.0,0.0,0.0,0.0,0.0,0.191,,
normalized_alphafold3c_3.pdb,27.62,1.0,0.5,,,0.527,55.24,60.31,0.123,,2.846,1.087,0.143,0.0,0.0,0.0,0.0,0.0,0.0,0.194,,
normalized_alphafold3c_0.pdb,28.168,1.0,0.5,,,0.527,56.337,58.22,0.126,,2.924,1.079,0.167,0.0,0.0,0.0,0.0,0.0,0.0,0.195,,
