,RMSD,P-VALUE,INF-ALL,INF-WC,INF-NWC,INF-STACK,DI,MCQ,TM-score,CAD,BARNABA-RMSD,BARNABA-eRMSD,BARNABA-eSCORE,CLASH,GDT-TS,GDT-TS@1,GDT-TS@2,GDT-TS@4,GDT-TS@8,lDDT,LCS-TA-COVERAGE-10,LCS-TA-RESIDUES-10
normalized_rhofold_8hud_b.pdb,4.234,0.0,0.709,0.849,0.0,0.686,5.975,51.78,0.464,,0.441,0.897,0.875,0.0,0.59,0.208,0.417,0.75,0.986,0.652,1.389,1.0
normalized_alphafold3_8hud_b.pdb,14.698,5.4839071061962854e-08,0.731,0.809,0.408,0.726,20.096,17.71,0.422,,1.434,1.177,1.986,0.0,0.493,0.25,0.444,0.556,0.722,0.739,23.611,17.0
normalized_rnacomposer_8hud_b.pdb,18.343,0.000510235806178,0.778,0.809,0.707,0.768,23.577,22.69,0.309,,1.809,1.329,1.283,0.0,0.368,0.153,0.222,0.458,0.639,0.639,12.5,9.0
normalized_rnajp_8hud_b.pdb,18.716,0.0010423131920292,0.71,0.794,0.577,0.686,26.352,25.41,0.336,,1.826,1.265,1.926,0.0,0.399,0.167,0.361,0.444,0.625,0.035,11.111,8.0
normalized_alphafold3c_4.pdb,1.558,0.0,0.81,0.915,0.0,0.8,1.924,14.18,0.858,0.926,0.136,0.438,1.976,0.0,0.91,0.681,0.958,1.0,1.0,0.881,51.389,37.0
normalized_alphafold3c_2.pdb,1.579,0.0,0.831,0.915,0.0,0.827,1.9,14.14,0.844,0.925,0.142,0.443,1.991,0.0,0.899,0.653,0.944,1.0,1.0,0.879,51.389,37.0
normalized_alphafold3c_1.pdb,1.643,0.0,0.825,0.915,0.0,0.82,1.991,14.14,0.843,0.924,0.144,0.448,1.995,0.0,0.885,0.611,0.931,1.0,1.0,0.878,52.778,38.0
normalized_alphafold3c_0.pdb,1.723,0.0,0.82,0.915,0.0,0.806,2.1,13.77,0.813,0.924,0.154,0.444,1.979,0.0,0.868,0.569,0.903,1.0,1.0,0.87,51.389,37.0
normalized_alphafold3c_3.pdb,1.836,0.0,0.835,0.915,0.707,0.813,2.199,14.24,0.799,0.924,0.166,0.441,1.999,0.0,0.865,0.569,0.889,1.0,1.0,0.877,51.389,37.0
