,RMSD,P-VALUE,INF-ALL,INF-WC,INF-NWC,INF-STACK,DI,MCQ,TM-score,CAD,BARNABA-RMSD,BARNABA-eRMSD,BARNABA-eSCORE,CLASH,GDT-TS,GDT-TS@1,GDT-TS@2,GDT-TS@4,GDT-TS@8,lDDT,LCS-TA-COVERAGE-10,LCS-TA-RESIDUES-10
normalized_rnacomposer_8ibw_d.pdb,11.556,0.0063519137258851,0.741,0.832,,0.714,15.603,37.09,0.217,,1.254,1.34,0.613,0.0,0.186,0.128,0.179,0.205,0.231,0.534,2.564,1.0
normalized_alphafold3_8ibw_d.pdb,11.648,0.0073247687806261,0.69,0.741,,0.684,16.873,26.22,0.264,,1.147,1.53,1.33,0.0,0.199,0.154,0.179,0.205,0.256,0.59,12.821,5.0
normalized_rnajp_8ibw_d.pdb,12.111,0.0144834712079748,0.598,0.667,0.0,0.598,20.248,32.08,0.242,,1.207,1.658,1.298,0.0,0.199,0.154,0.179,0.205,0.256,0.031,7.692,3.0
normalized_rhofold_8ibw_d.pdb,22.691,0.9998896636469342,0.369,0.392,0.0,0.424,61.5,74.57,0.178,,2.322,1.724,0.178,0.0,0.179,0.103,0.154,0.205,0.256,0.343,,
normalized_alphafold3c_0.pdb,10.558,0.0011575826136892,0.713,0.789,0.0,0.714,14.81,31.35,0.306,0.672,1.074,1.438,1.126,0.0,0.474,0.282,0.41,0.487,0.718,0.561,10.256,4.0
normalized_alphafold3c_2.pdb,11.44,0.0052867845724655,0.695,0.789,,0.677,16.464,28.54,0.307,0.651,1.18,1.372,1.197,0.0,0.462,0.333,0.436,0.487,0.59,0.577,10.256,4.0
normalized_alphafold3c_4.pdb,13.118,0.0521300088911478,0.748,0.789,0.0,0.772,17.548,26.76,0.287,0.683,1.396,1.429,1.244,0.0,0.41,0.308,0.359,0.436,0.538,0.614,12.821,5.0
normalized_alphafold3c_1.pdb,13.835,0.110069001586344,0.758,0.789,,0.77,18.255,27.96,0.292,0.689,1.481,1.385,1.217,0.0,0.404,0.308,0.385,0.436,0.487,0.58,10.256,4.0
normalized_alphafold3c_3.pdb,14.253,0.1600920924319785,0.655,0.641,0.0,0.694,21.755,27.1,0.247,0.658,1.573,1.601,1.264,0.0,0.378,0.282,0.359,0.385,0.487,0.544,12.821,5.0
