,RMSD,P-VALUE,INF-ALL,INF-WC,INF-NWC,INF-STACK,DI,MCQ,TM-score,CAD,BARNABA-RMSD,BARNABA-eRMSD,BARNABA-eSCORE,CLASH,GDT-TS,GDT-TS@1,GDT-TS@2,GDT-TS@4,GDT-TS@8,lDDT,LCS-TA-COVERAGE-10,LCS-TA-RESIDUES-10
normalized_rnajp_8j12_c.pdb,25.178,7.630007736736388e-13,0.627,0.636,0.267,0.647,40.136,26.69,0.276,,2.606,1.665,3.963,0.0,0.076,0.045,0.058,0.077,0.123,0.031,,
normalized_rhofold_8j12_c.pdb,28.033,2.0559145053056227e-08,0.064,0.0,0.0,0.12,437.814,60.24,0.164,,2.845,2.798,0.782,0.0,0.055,0.026,0.039,0.065,0.09,0.08,,
normalized_rnacomposer_8j12_c.pdb,33.16,0.0041772251085563,0.545,0.607,0.107,0.56,60.844,29.76,0.181,,3.377,1.792,2.734,0.0,0.068,0.045,0.058,0.071,0.097,0.404,3.226,5.0
normalized_alphafold3_8j12_c.pdb,34.729,0.038690096104733,0.591,0.524,0.0,0.64,58.806,20.91,0.251,,3.566,1.886,4.895,0.0,0.077,0.045,0.071,0.084,0.11,0.445,14.194,22.0
normalized_alphafold3c_4.pdb,25.455,2.28428387316626e-12,0.685,0.7,0.408,0.695,37.177,19.33,0.332,0.661,2.576,1.473,3.738,0.0,0.221,0.103,0.168,0.265,0.348,0.495,,
normalized_alphafold3c_1.pdb,25.767,7.662814827114062e-12,0.689,0.709,0.5,0.695,37.394,19.62,0.281,0.66,2.602,1.458,3.735,0.0,0.21,0.103,0.174,0.232,0.329,0.489,,
normalized_alphafold3c_2.pdb,25.801,8.735845380414275e-12,0.683,0.719,0.408,0.687,37.778,20.21,0.344,0.658,2.602,1.415,3.619,0.0,0.239,0.11,0.206,0.265,0.374,0.49,,
normalized_alphafold3c_0.pdb,26.006,1.897165757824837e-11,0.669,0.719,0.0,0.681,38.883,20.61,0.308,0.652,2.626,1.476,3.655,0.0,0.205,0.097,0.168,0.232,0.323,0.448,,
normalized_alphafold3c_3.pdb,26.124,2.9493629760679596e-11,0.671,0.709,0.316,0.678,38.951,19.24,0.323,0.667,2.639,1.441,3.715,0.0,0.213,0.097,0.181,0.239,0.336,0.503,,
