,RMSD,P-VALUE,INF-ALL,INF-WC,INF-NWC,INF-STACK,DI,MCQ,TM-score,CAD,BARNABA-RMSD,BARNABA-eRMSD,BARNABA-eSCORE,CLASH,GDT-TS,GDT-TS@1,GDT-TS@2,GDT-TS@4,GDT-TS@8,lDDT,LCS-TA-COVERAGE-10,LCS-TA-RESIDUES-10
normalized_rnajp_8j1q_e.pdb,10.084,7.166790161750036e-05,0.135,0.0,,0.208,74.958,65.02,0.223,,1.019,2.345,0.325,0.0,0.208,0.119,0.167,0.214,0.333,0.065,,
normalized_rnacomposer_8j1q_e.pdb,10.359,0.0001311153798824,0.107,0.0,,0.173,96.557,61.48,0.187,,1.047,2.38,0.291,0.0,0.202,0.095,0.167,0.214,0.333,0.291,,
normalized_alphafold3_8j1q_e.pdb,12.47,0.0066212022943634,0.13,0.0,0.0,0.2,96.187,62.44,0.2,,1.291,2.398,0.348,0.0,0.25,0.143,0.191,0.262,0.405,0.34,,
normalized_rhofold_8j1q_e.pdb,12.631,0.0084766186821756,0.145,0.0,0.0,0.235,87.337,73.35,0.181,,1.348,2.351,0.288,0.0,0.232,0.095,0.167,0.286,0.381,0.317,,
