,RMSD,P-VALUE,INF-ALL,INF-WC,INF-NWC,INF-STACK,DI,MCQ,TM-score,CAD,BARNABA-RMSD,BARNABA-eRMSD,BARNABA-eSCORE,CLASH,GDT-TS,GDT-TS@1,GDT-TS@2,GDT-TS@4,GDT-TS@8,lDDT,LCS-TA-COVERAGE-10,LCS-TA-RESIDUES-10
normalized_alphafold3_8t29_r.pdb,13.044,1.1102230246251563e-16,0.77,0.884,0.0,0.75,16.945,23.54,0.487,,1.368,1.27,2.609,0.0,0.492,0.178,0.344,0.7,0.744,0.533,10.0,9.0
normalized_rnajp_8t29_r.pdb,19.471,1.87035878629338e-06,0.646,0.678,0.224,0.659,30.154,28.9,0.369,,2.031,1.607,2.238,0.0,0.317,0.156,0.311,0.378,0.422,0.064,6.667,6.0
normalized_rhofold_8t29_r.pdb,19.936,6.291124766688583e-06,0.638,0.702,0.0,0.654,31.265,53.93,0.29,,2.106,1.651,1.298,0.0,0.275,0.089,0.222,0.356,0.433,0.448,,
normalized_rnacomposer_8t29_r.pdb,22.572,0.0018506818848742,0.561,0.635,0.224,0.551,40.215,34.78,0.29,,2.297,1.68,1.717,0.0,0.256,0.133,0.256,0.3,0.333,0.459,8.889,8.0
normalized_alphafold3c_1.pdb,7.923,0.0,0.764,0.849,0.354,0.743,10.367,23.12,0.52,0.805,0.845,1.181,2.5,0.0,0.514,0.189,0.444,0.656,0.767,0.633,17.778,16.0
normalized_alphafold3c_3.pdb,9.236,0.0,0.767,0.875,0.224,0.752,12.047,21.57,0.478,0.796,0.962,1.219,2.427,0.0,0.469,0.211,0.311,0.589,0.767,0.556,17.778,16.0
normalized_alphafold3c_4.pdb,9.58,0.0,0.753,0.849,0.224,0.742,12.72,23.05,0.5,0.794,1.013,1.298,2.56,0.0,0.514,0.2,0.444,0.644,0.767,0.62,17.778,16.0
normalized_alphafold3c_2.pdb,11.733,0.0,0.754,0.8,0.224,0.766,15.563,22.6,0.409,0.765,1.246,1.335,2.47,0.0,0.444,0.2,0.311,0.544,0.722,0.573,17.778,16.0
normalized_alphafold3c_0.pdb,12.742,5.551115123125783e-17,0.77,0.844,0.354,0.756,16.544,22.88,0.422,0.774,1.352,1.273,2.419,0.0,0.475,0.233,0.333,0.611,0.722,0.559,17.778,16.0
