,RMSD,P-VALUE,INF-ALL,INF-WC,INF-NWC,INF-STACK,DI,MCQ,TM-score,CAD,BARNABA-RMSD,BARNABA-eRMSD,BARNABA-eSCORE,CLASH,GDT-TS,GDT-TS@1,GDT-TS@2,GDT-TS@4,GDT-TS@8,lDDT,LCS-TA-COVERAGE-10,LCS-TA-RESIDUES-10
normalized_alphafold3_8upt_a.pdb,3.764,0.0,0.777,0.854,0.671,0.76,4.842,31.87,0.597,0.812,0.36,1.049,1.329,0.0,0.69,0.282,0.578,0.915,0.986,0.673,4.225,3.0
normalized_rhofold_8upt_a.pdb,4.347,0.0,0.724,0.836,0.0,0.726,6.004,48.89,0.515,0.753,0.427,1.17,0.854,0.0,0.592,0.141,0.38,0.873,0.972,0.597,1.408,1.0
normalized_rnacomposer_8upt_a.pdb,14.956,2.215588943421665e-07,0.613,0.58,0.0,0.664,24.416,39.7,0.258,0.626,1.521,1.761,0.892,0.0,0.342,0.155,0.239,0.38,0.592,0.413,2.817,2.0
normalized_rnajp_8upt_a.pdb,19.564,0.0063956758485185,0.597,0.58,0.258,0.63,32.748,38.54,0.309,0.66,1.996,1.745,1.124,0.0,0.338,0.141,0.296,0.408,0.507,0.023,2.817,2.0
normalized_alphafold3c_2.pdb,3.693,0.0,0.809,0.885,0.447,0.812,4.562,31.25,0.678,0.841,0.37,0.896,1.323,0.0,0.75,0.366,0.732,0.93,0.972,0.72,4.225,3.0
normalized_alphafold3c_4.pdb,3.794,0.0,0.805,0.866,0.516,0.806,4.715,31.06,0.654,0.839,0.376,0.923,1.33,0.0,0.729,0.352,0.648,0.944,0.972,0.768,4.225,3.0
normalized_alphafold3c_3.pdb,4.18,0.0,0.824,0.866,0.6,0.83,5.071,31.61,0.655,0.845,0.422,0.874,1.325,0.0,0.725,0.38,0.676,0.873,0.972,0.694,4.225,3.0
normalized_alphafold3c_1.pdb,4.251,0.0,0.753,0.818,0.316,0.76,5.645,31.09,0.586,0.802,0.413,1.128,1.322,0.0,0.676,0.324,0.521,0.887,0.972,0.662,4.225,3.0
normalized_alphafold3c_0.pdb,4.334,0.0,0.782,0.854,0.516,0.778,5.543,31.52,0.539,0.816,0.423,1.0,1.319,0.0,0.637,0.254,0.507,0.817,0.972,0.674,4.225,3.0
